--
-- PostgreSQL database dump
--

-- Dumped from database version 16.4 (Debian 16.4-1.pgdg120+2)
-- Dumped by pg_dump version 16.4 (Debian 16.4-1.pgdg120+2)

SET statement_timeout = 0;
SET lock_timeout = 0;
SET idle_in_transaction_session_timeout = 0;
SET client_encoding = 'UTF8';
SET standard_conforming_strings = on;
SELECT pg_catalog.set_config('search_path', '', false);
SET check_function_bodies = false;
SET xmloption = content;
SET client_min_messages = warning;
SET row_security = off;

SET default_tablespace = '';

SET default_table_access_method = heap;

--
-- Name: accounts_resettoken; Type: TABLE; Schema: public; Owner: postgres
--

CREATE TABLE public.accounts_resettoken (
    id bigint NOT NULL,
    token character varying(255) NOT NULL,
    created_at timestamp with time zone NOT NULL,
    updated_at timestamp with time zone NOT NULL,
    user_id bigint NOT NULL
);


ALTER TABLE public.accounts_resettoken OWNER TO postgres;

--
-- Name: accounts_resettoken_id_seq; Type: SEQUENCE; Schema: public; Owner: postgres
--

ALTER TABLE public.accounts_resettoken ALTER COLUMN id ADD GENERATED BY DEFAULT AS IDENTITY (
    SEQUENCE NAME public.accounts_resettoken_id_seq
    START WITH 1
    INCREMENT BY 1
    NO MINVALUE
    NO MAXVALUE
    CACHE 1
);


--
-- Name: auth_group; Type: TABLE; Schema: public; Owner: postgres
--

CREATE TABLE public.auth_group (
    id integer NOT NULL,
    name character varying(150) NOT NULL
);


ALTER TABLE public.auth_group OWNER TO postgres;

--
-- Name: auth_group_id_seq; Type: SEQUENCE; Schema: public; Owner: postgres
--

ALTER TABLE public.auth_group ALTER COLUMN id ADD GENERATED BY DEFAULT AS IDENTITY (
    SEQUENCE NAME public.auth_group_id_seq
    START WITH 1
    INCREMENT BY 1
    NO MINVALUE
    NO MAXVALUE
    CACHE 1
);


--
-- Name: auth_group_permissions; Type: TABLE; Schema: public; Owner: postgres
--

CREATE TABLE public.auth_group_permissions (
    id bigint NOT NULL,
    group_id integer NOT NULL,
    permission_id integer NOT NULL
);


ALTER TABLE public.auth_group_permissions OWNER TO postgres;

--
-- Name: auth_group_permissions_id_seq; Type: SEQUENCE; Schema: public; Owner: postgres
--

ALTER TABLE public.auth_group_permissions ALTER COLUMN id ADD GENERATED BY DEFAULT AS IDENTITY (
    SEQUENCE NAME public.auth_group_permissions_id_seq
    START WITH 1
    INCREMENT BY 1
    NO MINVALUE
    NO MAXVALUE
    CACHE 1
);


--
-- Name: auth_permission; Type: TABLE; Schema: public; Owner: postgres
--

CREATE TABLE public.auth_permission (
    id integer NOT NULL,
    name character varying(255) NOT NULL,
    content_type_id integer NOT NULL,
    codename character varying(100) NOT NULL
);


ALTER TABLE public.auth_permission OWNER TO postgres;

--
-- Name: auth_permission_id_seq; Type: SEQUENCE; Schema: public; Owner: postgres
--

ALTER TABLE public.auth_permission ALTER COLUMN id ADD GENERATED BY DEFAULT AS IDENTITY (
    SEQUENCE NAME public.auth_permission_id_seq
    START WITH 1
    INCREMENT BY 1
    NO MINVALUE
    NO MAXVALUE
    CACHE 1
);


--
-- Name: content_breaklist; Type: TABLE; Schema: public; Owner: postgres
--

CREATE TABLE public.content_breaklist (
    id bigint NOT NULL
);


ALTER TABLE public.content_breaklist OWNER TO postgres;

--
-- Name: content_breaklist_id_seq; Type: SEQUENCE; Schema: public; Owner: postgres
--

ALTER TABLE public.content_breaklist ALTER COLUMN id ADD GENERATED BY DEFAULT AS IDENTITY (
    SEQUENCE NAME public.content_breaklist_id_seq
    START WITH 1
    INCREMENT BY 1
    NO MINVALUE
    NO MAXVALUE
    CACHE 1
);


--
-- Name: content_breaklist_item; Type: TABLE; Schema: public; Owner: postgres
--

CREATE TABLE public.content_breaklist_item (
    id bigint NOT NULL,
    breaklist_id bigint NOT NULL,
    breaksitem_id bigint NOT NULL
);


ALTER TABLE public.content_breaklist_item OWNER TO postgres;

--
-- Name: content_breaklist_item_id_seq; Type: SEQUENCE; Schema: public; Owner: postgres
--

ALTER TABLE public.content_breaklist_item ALTER COLUMN id ADD GENERATED BY DEFAULT AS IDENTITY (
    SEQUENCE NAME public.content_breaklist_item_id_seq
    START WITH 1
    INCREMENT BY 1
    NO MINVALUE
    NO MAXVALUE
    CACHE 1
);


--
-- Name: content_breaksitem; Type: TABLE; Schema: public; Owner: postgres
--

CREATE TABLE public.content_breaksitem (
    id bigint NOT NULL,
    break_item_id bigint NOT NULL
);


ALTER TABLE public.content_breaksitem OWNER TO postgres;

--
-- Name: content_breaksitem_id_seq; Type: SEQUENCE; Schema: public; Owner: postgres
--

ALTER TABLE public.content_breaksitem ALTER COLUMN id ADD GENERATED BY DEFAULT AS IDENTITY (
    SEQUENCE NAME public.content_breaksitem_id_seq
    START WITH 1
    INCREMENT BY 1
    NO MINVALUE
    NO MAXVALUE
    CACHE 1
);


--
-- Name: content_cadr; Type: TABLE; Schema: public; Owner: postgres
--

CREATE TABLE public.content_cadr (
    id bigint NOT NULL,
    cadr character varying(200) NOT NULL
);


ALTER TABLE public.content_cadr OWNER TO postgres;

--
-- Name: content_cadr_id_seq; Type: SEQUENCE; Schema: public; Owner: postgres
--

ALTER TABLE public.content_cadr ALTER COLUMN id ADD GENERATED BY DEFAULT AS IDENTITY (
    SEQUENCE NAME public.content_cadr_id_seq
    START WITH 1
    INCREMENT BY 1
    NO MINVALUE
    NO MAXVALUE
    CACHE 1
);


--
-- Name: content_categoryitem; Type: TABLE; Schema: public; Owner: postgres
--

CREATE TABLE public.content_categoryitem (
    id bigint NOT NULL,
    item character varying(250) NOT NULL
);


ALTER TABLE public.content_categoryitem OWNER TO postgres;

--
-- Name: content_categoryitem_id_seq; Type: SEQUENCE; Schema: public; Owner: postgres
--

ALTER TABLE public.content_categoryitem ALTER COLUMN id ADD GENERATED BY DEFAULT AS IDENTITY (
    SEQUENCE NAME public.content_categoryitem_id_seq
    START WITH 1
    INCREMENT BY 1
    NO MINVALUE
    NO MAXVALUE
    CACHE 1
);


--
-- Name: content_categorylist; Type: TABLE; Schema: public; Owner: postgres
--

CREATE TABLE public.content_categorylist (
    id bigint NOT NULL,
    category_id bigint NOT NULL
);


ALTER TABLE public.content_categorylist OWNER TO postgres;

--
-- Name: content_categorylist_id_seq; Type: SEQUENCE; Schema: public; Owner: postgres
--

ALTER TABLE public.content_categorylist ALTER COLUMN id ADD GENERATED BY DEFAULT AS IDENTITY (
    SEQUENCE NAME public.content_categorylist_id_seq
    START WITH 1
    INCREMENT BY 1
    NO MINVALUE
    NO MAXVALUE
    CACHE 1
);


--
-- Name: content_content; Type: TABLE; Schema: public; Owner: postgres
--

CREATE TABLE public.content_content (
    id bigint NOT NULL,
    poster_desktop character varying(200) NOT NULL,
    poster_mobile character varying(200) NOT NULL,
    poster_card character varying(200) NOT NULL,
    poster_video character varying(200) NOT NULL,
    title character varying(300) NOT NULL,
    description text NOT NULL,
    age_limit integer NOT NULL,
    release_date date NOT NULL,
    upload_at date NOT NULL,
    CONSTRAINT content_content_age_limit_check CHECK ((age_limit >= 0))
);


ALTER TABLE public.content_content OWNER TO postgres;

--
-- Name: content_content_category; Type: TABLE; Schema: public; Owner: postgres
--

CREATE TABLE public.content_content_category (
    id bigint NOT NULL,
    content_id bigint NOT NULL,
    categorylist_id bigint NOT NULL
);


ALTER TABLE public.content_content_category OWNER TO postgres;

--
-- Name: content_content_category_id_seq; Type: SEQUENCE; Schema: public; Owner: postgres
--

ALTER TABLE public.content_content_category ALTER COLUMN id ADD GENERATED BY DEFAULT AS IDENTITY (
    SEQUENCE NAME public.content_content_category_id_seq
    START WITH 1
    INCREMENT BY 1
    NO MINVALUE
    NO MAXVALUE
    CACHE 1
);


--
-- Name: content_content_chronology; Type: TABLE; Schema: public; Owner: postgres
--

CREATE TABLE public.content_content_chronology (
    id bigint NOT NULL,
    content_id bigint NOT NULL,
    videocontent_id bigint NOT NULL
);


ALTER TABLE public.content_content_chronology OWNER TO postgres;

--
-- Name: content_content_chronology_id_seq; Type: SEQUENCE; Schema: public; Owner: postgres
--

ALTER TABLE public.content_content_chronology ALTER COLUMN id ADD GENERATED BY DEFAULT AS IDENTITY (
    SEQUENCE NAME public.content_content_chronology_id_seq
    START WITH 1
    INCREMENT BY 1
    NO MINVALUE
    NO MAXVALUE
    CACHE 1
);


--
-- Name: content_content_contents; Type: TABLE; Schema: public; Owner: postgres
--

CREATE TABLE public.content_content_contents (
    id bigint NOT NULL,
    content_id bigint NOT NULL,
    videocontent_id bigint NOT NULL
);


ALTER TABLE public.content_content_contents OWNER TO postgres;

--
-- Name: content_content_contents_id_seq; Type: SEQUENCE; Schema: public; Owner: postgres
--

ALTER TABLE public.content_content_contents ALTER COLUMN id ADD GENERATED BY DEFAULT AS IDENTITY (
    SEQUENCE NAME public.content_content_contents_id_seq
    START WITH 1
    INCREMENT BY 1
    NO MINVALUE
    NO MAXVALUE
    CACHE 1
);


--
-- Name: content_content_genre; Type: TABLE; Schema: public; Owner: postgres
--

CREATE TABLE public.content_content_genre (
    id bigint NOT NULL,
    content_id bigint NOT NULL,
    genrelist_id bigint NOT NULL
);


ALTER TABLE public.content_content_genre OWNER TO postgres;

--
-- Name: content_content_genre_id_seq; Type: SEQUENCE; Schema: public; Owner: postgres
--

ALTER TABLE public.content_content_genre ALTER COLUMN id ADD GENERATED BY DEFAULT AS IDENTITY (
    SEQUENCE NAME public.content_content_genre_id_seq
    START WITH 1
    INCREMENT BY 1
    NO MINVALUE
    NO MAXVALUE
    CACHE 1
);


--
-- Name: content_content_id_seq; Type: SEQUENCE; Schema: public; Owner: postgres
--

ALTER TABLE public.content_content ALTER COLUMN id ADD GENERATED BY DEFAULT AS IDENTITY (
    SEQUENCE NAME public.content_content_id_seq
    START WITH 1
    INCREMENT BY 1
    NO MINVALUE
    NO MAXVALUE
    CACHE 1
);


--
-- Name: content_content_kadrs; Type: TABLE; Schema: public; Owner: postgres
--

CREATE TABLE public.content_content_kadrs (
    id bigint NOT NULL,
    content_id bigint NOT NULL,
    cadr_id bigint NOT NULL
);


ALTER TABLE public.content_content_kadrs OWNER TO postgres;

--
-- Name: content_content_kadrs_id_seq; Type: SEQUENCE; Schema: public; Owner: postgres
--

ALTER TABLE public.content_content_kadrs ALTER COLUMN id ADD GENERATED BY DEFAULT AS IDENTITY (
    SEQUENCE NAME public.content_content_kadrs_id_seq
    START WITH 1
    INCREMENT BY 1
    NO MINVALUE
    NO MAXVALUE
    CACHE 1
);


--
-- Name: content_content_ova; Type: TABLE; Schema: public; Owner: postgres
--

CREATE TABLE public.content_content_ova (
    id bigint NOT NULL,
    content_id bigint NOT NULL,
    videocontent_id bigint NOT NULL
);


ALTER TABLE public.content_content_ova OWNER TO postgres;

--
-- Name: content_content_ova_id_seq; Type: SEQUENCE; Schema: public; Owner: postgres
--

ALTER TABLE public.content_content_ova ALTER COLUMN id ADD GENERATED BY DEFAULT AS IDENTITY (
    SEQUENCE NAME public.content_content_ova_id_seq
    START WITH 1
    INCREMENT BY 1
    NO MINVALUE
    NO MAXVALUE
    CACHE 1
);


--
-- Name: content_content_tags; Type: TABLE; Schema: public; Owner: postgres
--

CREATE TABLE public.content_content_tags (
    id bigint NOT NULL,
    content_id bigint NOT NULL,
    tag_id bigint NOT NULL
);


ALTER TABLE public.content_content_tags OWNER TO postgres;

--
-- Name: content_content_tags_id_seq; Type: SEQUENCE; Schema: public; Owner: postgres
--

ALTER TABLE public.content_content_tags ALTER COLUMN id ADD GENERATED BY DEFAULT AS IDENTITY (
    SEQUENCE NAME public.content_content_tags_id_seq
    START WITH 1
    INCREMENT BY 1
    NO MINVALUE
    NO MAXVALUE
    CACHE 1
);


--
-- Name: content_genreitem; Type: TABLE; Schema: public; Owner: postgres
--

CREATE TABLE public.content_genreitem (
    id bigint NOT NULL,
    item character varying(250) NOT NULL
);


ALTER TABLE public.content_genreitem OWNER TO postgres;

--
-- Name: content_genreitem_id_seq; Type: SEQUENCE; Schema: public; Owner: postgres
--

ALTER TABLE public.content_genreitem ALTER COLUMN id ADD GENERATED BY DEFAULT AS IDENTITY (
    SEQUENCE NAME public.content_genreitem_id_seq
    START WITH 1
    INCREMENT BY 1
    NO MINVALUE
    NO MAXVALUE
    CACHE 1
);


--
-- Name: content_genrelist; Type: TABLE; Schema: public; Owner: postgres
--

CREATE TABLE public.content_genrelist (
    id bigint NOT NULL,
    genre_id bigint NOT NULL
);


ALTER TABLE public.content_genrelist OWNER TO postgres;

--
-- Name: content_genrelist_id_seq; Type: SEQUENCE; Schema: public; Owner: postgres
--

ALTER TABLE public.content_genrelist ALTER COLUMN id ADD GENERATED BY DEFAULT AS IDENTITY (
    SEQUENCE NAME public.content_genrelist_id_seq
    START WITH 1
    INCREMENT BY 1
    NO MINVALUE
    NO MAXVALUE
    CACHE 1
);


--
-- Name: content_istory; Type: TABLE; Schema: public; Owner: postgres
--

CREATE TABLE public.content_istory (
    id bigint NOT NULL,
    content_id bigint NOT NULL
);


ALTER TABLE public.content_istory OWNER TO postgres;

--
-- Name: content_istory_id_seq; Type: SEQUENCE; Schema: public; Owner: postgres
--

ALTER TABLE public.content_istory ALTER COLUMN id ADD GENERATED BY DEFAULT AS IDENTITY (
    SEQUENCE NAME public.content_istory_id_seq
    START WITH 1
    INCREMENT BY 1
    NO MINVALUE
    NO MAXVALUE
    CACHE 1
);


--
-- Name: content_istory_videos; Type: TABLE; Schema: public; Owner: postgres
--

CREATE TABLE public.content_istory_videos (
    id bigint NOT NULL,
    istory_id bigint NOT NULL,
    istoryvideo_id bigint NOT NULL
);


ALTER TABLE public.content_istory_videos OWNER TO postgres;

--
-- Name: content_istory_videos_id_seq; Type: SEQUENCE; Schema: public; Owner: postgres
--

ALTER TABLE public.content_istory_videos ALTER COLUMN id ADD GENERATED BY DEFAULT AS IDENTITY (
    SEQUENCE NAME public.content_istory_videos_id_seq
    START WITH 1
    INCREMENT BY 1
    NO MINVALUE
    NO MAXVALUE
    CACHE 1
);


--
-- Name: content_istoryvideo; Type: TABLE; Schema: public; Owner: postgres
--

CREATE TABLE public.content_istoryvideo (
    id bigint NOT NULL,
    video character varying(200) NOT NULL
);


ALTER TABLE public.content_istoryvideo OWNER TO postgres;

--
-- Name: content_istoryvideo_id_seq; Type: SEQUENCE; Schema: public; Owner: postgres
--

ALTER TABLE public.content_istoryvideo ALTER COLUMN id ADD GENERATED BY DEFAULT AS IDENTITY (
    SEQUENCE NAME public.content_istoryvideo_id_seq
    START WITH 1
    INCREMENT BY 1
    NO MINVALUE
    NO MAXVALUE
    CACHE 1
);


--
-- Name: content_tag; Type: TABLE; Schema: public; Owner: postgres
--

CREATE TABLE public.content_tag (
    id bigint NOT NULL,
    tag character varying(255) NOT NULL
);


ALTER TABLE public.content_tag OWNER TO postgres;

--
-- Name: content_tag_id_seq; Type: SEQUENCE; Schema: public; Owner: postgres
--

ALTER TABLE public.content_tag ALTER COLUMN id ADD GENERATED BY DEFAULT AS IDENTITY (
    SEQUENCE NAME public.content_tag_id_seq
    START WITH 1
    INCREMENT BY 1
    NO MINVALUE
    NO MAXVALUE
    CACHE 1
);


--
-- Name: content_videocontent; Type: TABLE; Schema: public; Owner: postgres
--

CREATE TABLE public.content_videocontent (
    id bigint NOT NULL,
    sources character varying(200) NOT NULL,
    skip_start_time interval,
    skip_end_time interval,
    index integer,
    CONSTRAINT content_videocontent_index_check CHECK ((index >= 0))
);


ALTER TABLE public.content_videocontent OWNER TO postgres;

--
-- Name: content_videocontent_id_seq; Type: SEQUENCE; Schema: public; Owner: postgres
--

ALTER TABLE public.content_videocontent ALTER COLUMN id ADD GENERATED BY DEFAULT AS IDENTITY (
    SEQUENCE NAME public.content_videocontent_id_seq
    START WITH 1
    INCREMENT BY 1
    NO MINVALUE
    NO MAXVALUE
    CACHE 1
);


--
-- Name: django_admin_log; Type: TABLE; Schema: public; Owner: postgres
--

CREATE TABLE public.django_admin_log (
    id integer NOT NULL,
    action_time timestamp with time zone NOT NULL,
    object_id text,
    object_repr character varying(200) NOT NULL,
    action_flag smallint NOT NULL,
    change_message text NOT NULL,
    content_type_id integer,
    user_id bigint NOT NULL,
    CONSTRAINT django_admin_log_action_flag_check CHECK ((action_flag >= 0))
);


ALTER TABLE public.django_admin_log OWNER TO postgres;

--
-- Name: django_admin_log_id_seq; Type: SEQUENCE; Schema: public; Owner: postgres
--

ALTER TABLE public.django_admin_log ALTER COLUMN id ADD GENERATED BY DEFAULT AS IDENTITY (
    SEQUENCE NAME public.django_admin_log_id_seq
    START WITH 1
    INCREMENT BY 1
    NO MINVALUE
    NO MAXVALUE
    CACHE 1
);


--
-- Name: django_content_type; Type: TABLE; Schema: public; Owner: postgres
--

CREATE TABLE public.django_content_type (
    id integer NOT NULL,
    app_label character varying(100) NOT NULL,
    model character varying(100) NOT NULL
);


ALTER TABLE public.django_content_type OWNER TO postgres;

--
-- Name: django_content_type_id_seq; Type: SEQUENCE; Schema: public; Owner: postgres
--

ALTER TABLE public.django_content_type ALTER COLUMN id ADD GENERATED BY DEFAULT AS IDENTITY (
    SEQUENCE NAME public.django_content_type_id_seq
    START WITH 1
    INCREMENT BY 1
    NO MINVALUE
    NO MAXVALUE
    CACHE 1
);


--
-- Name: django_migrations; Type: TABLE; Schema: public; Owner: postgres
--

CREATE TABLE public.django_migrations (
    id bigint NOT NULL,
    app character varying(255) NOT NULL,
    name character varying(255) NOT NULL,
    applied timestamp with time zone NOT NULL
);


ALTER TABLE public.django_migrations OWNER TO postgres;

--
-- Name: django_migrations_id_seq; Type: SEQUENCE; Schema: public; Owner: postgres
--

ALTER TABLE public.django_migrations ALTER COLUMN id ADD GENERATED BY DEFAULT AS IDENTITY (
    SEQUENCE NAME public.django_migrations_id_seq
    START WITH 1
    INCREMENT BY 1
    NO MINVALUE
    NO MAXVALUE
    CACHE 1
);


--
-- Name: django_session; Type: TABLE; Schema: public; Owner: postgres
--

CREATE TABLE public.django_session (
    session_key character varying(40) NOT NULL,
    session_data text NOT NULL,
    expire_date timestamp with time zone NOT NULL
);


ALTER TABLE public.django_session OWNER TO postgres;

--
-- Name: http_smsconfirm; Type: TABLE; Schema: public; Owner: postgres
--

CREATE TABLE public.http_smsconfirm (
    id bigint NOT NULL,
    created_at timestamp with time zone NOT NULL,
    updated_at timestamp with time zone NOT NULL,
    code integer NOT NULL,
    try_count integer NOT NULL,
    resend_count integer NOT NULL,
    phone character varying(20) NOT NULL,
    expire_time timestamp with time zone,
    unlock_time timestamp with time zone,
    resend_unlock_time timestamp with time zone
);


ALTER TABLE public.http_smsconfirm OWNER TO postgres;

--
-- Name: http_smsconfirm_id_seq; Type: SEQUENCE; Schema: public; Owner: postgres
--

ALTER TABLE public.http_smsconfirm ALTER COLUMN id ADD GENERATED BY DEFAULT AS IDENTITY (
    SEQUENCE NAME public.http_smsconfirm_id_seq
    START WITH 1
    INCREMENT BY 1
    NO MINVALUE
    NO MAXVALUE
    CACHE 1
);


--
-- Name: http_user; Type: TABLE; Schema: public; Owner: postgres
--

CREATE TABLE public.http_user (
    id bigint NOT NULL,
    password character varying(128) NOT NULL,
    last_login timestamp with time zone,
    is_superuser boolean NOT NULL,
    first_name character varying(150) NOT NULL,
    last_name character varying(150) NOT NULL,
    email character varying(254) NOT NULL,
    is_staff boolean NOT NULL,
    is_active boolean NOT NULL,
    date_joined timestamp with time zone NOT NULL,
    phone character varying(255) NOT NULL,
    username character varying(255),
    created_at timestamp with time zone NOT NULL,
    updated_at timestamp with time zone NOT NULL,
    validated_at timestamp with time zone,
    role character varying(255) NOT NULL
);


ALTER TABLE public.http_user OWNER TO postgres;

--
-- Name: http_user_groups; Type: TABLE; Schema: public; Owner: postgres
--

CREATE TABLE public.http_user_groups (
    id bigint NOT NULL,
    user_id bigint NOT NULL,
    group_id integer NOT NULL
);


ALTER TABLE public.http_user_groups OWNER TO postgres;

--
-- Name: http_user_groups_id_seq; Type: SEQUENCE; Schema: public; Owner: postgres
--

ALTER TABLE public.http_user_groups ALTER COLUMN id ADD GENERATED BY DEFAULT AS IDENTITY (
    SEQUENCE NAME public.http_user_groups_id_seq
    START WITH 1
    INCREMENT BY 1
    NO MINVALUE
    NO MAXVALUE
    CACHE 1
);


--
-- Name: http_user_id_seq; Type: SEQUENCE; Schema: public; Owner: postgres
--

ALTER TABLE public.http_user ALTER COLUMN id ADD GENERATED BY DEFAULT AS IDENTITY (
    SEQUENCE NAME public.http_user_id_seq
    START WITH 1
    INCREMENT BY 1
    NO MINVALUE
    NO MAXVALUE
    CACHE 1
);


--
-- Name: http_user_user_permissions; Type: TABLE; Schema: public; Owner: postgres
--

CREATE TABLE public.http_user_user_permissions (
    id bigint NOT NULL,
    user_id bigint NOT NULL,
    permission_id integer NOT NULL
);


ALTER TABLE public.http_user_user_permissions OWNER TO postgres;

--
-- Name: http_user_user_permissions_id_seq; Type: SEQUENCE; Schema: public; Owner: postgres
--

ALTER TABLE public.http_user_user_permissions ALTER COLUMN id ADD GENERATED BY DEFAULT AS IDENTITY (
    SEQUENCE NAME public.http_user_user_permissions_id_seq
    START WITH 1
    INCREMENT BY 1
    NO MINVALUE
    NO MAXVALUE
    CACHE 1
);


--
-- Data for Name: accounts_resettoken; Type: TABLE DATA; Schema: public; Owner: postgres
--

COPY public.accounts_resettoken (id, token, created_at, updated_at, user_id) FROM stdin;
\.


--
-- Data for Name: auth_group; Type: TABLE DATA; Schema: public; Owner: postgres
--

COPY public.auth_group (id, name) FROM stdin;
\.


--
-- Data for Name: auth_group_permissions; Type: TABLE DATA; Schema: public; Owner: postgres
--

COPY public.auth_group_permissions (id, group_id, permission_id) FROM stdin;
\.


--
-- Data for Name: auth_permission; Type: TABLE DATA; Schema: public; Owner: postgres
--

COPY public.auth_permission (id, name, content_type_id, codename) FROM stdin;
1	Can add log entry	1	add_logentry
2	Can change log entry	1	change_logentry
3	Can delete log entry	1	delete_logentry
4	Can view log entry	1	view_logentry
5	Can add permission	2	add_permission
6	Can change permission	2	change_permission
7	Can delete permission	2	delete_permission
8	Can view permission	2	view_permission
9	Can add group	3	add_group
10	Can change group	3	change_group
11	Can delete group	3	delete_group
12	Can view group	3	view_group
13	Can add content type	4	add_contenttype
14	Can change content type	4	change_contenttype
15	Can delete content type	4	delete_contenttype
16	Can view content type	4	view_contenttype
17	Can add session	5	add_session
18	Can change session	5	change_session
19	Can delete session	5	delete_session
20	Can view session	5	view_session
21	Can add user	6	add_user
22	Can change user	6	change_user
23	Can delete user	6	delete_user
24	Can view user	6	view_user
25	Can add sms confirm	7	add_smsconfirm
26	Can change sms confirm	7	change_smsconfirm
27	Can delete sms confirm	7	delete_smsconfirm
28	Can view sms confirm	7	view_smsconfirm
29	Can add Reset Token	8	add_resettoken
30	Can change Reset Token	8	change_resettoken
31	Can delete Reset Token	8	delete_resettoken
32	Can view Reset Token	8	view_resettoken
33	Can add cadr	9	add_cadr
34	Can change cadr	9	change_cadr
35	Can delete cadr	9	delete_cadr
36	Can view cadr	9	view_cadr
37	Can add category item	10	add_categoryitem
38	Can change category item	10	change_categoryitem
39	Can delete category item	10	delete_categoryitem
40	Can view category item	10	view_categoryitem
41	Can add category list	11	add_categorylist
42	Can change category list	11	change_categorylist
43	Can delete category list	11	delete_categorylist
44	Can view category list	11	view_categorylist
45	Can add genre item	12	add_genreitem
46	Can change genre item	12	change_genreitem
47	Can delete genre item	12	delete_genreitem
48	Can view genre item	12	view_genreitem
49	Can add genre list	13	add_genrelist
50	Can change genre list	13	change_genrelist
51	Can delete genre list	13	delete_genrelist
52	Can view genre list	13	view_genrelist
53	Can add tag	14	add_tag
54	Can change tag	14	change_tag
55	Can delete tag	14	delete_tag
56	Can view tag	14	view_tag
57	Can add video content	15	add_videocontent
58	Can change video content	15	change_videocontent
59	Can delete video content	15	delete_videocontent
60	Can view video content	15	view_videocontent
61	Can add content	16	add_content
62	Can change content	16	change_content
63	Can delete content	16	delete_content
64	Can view content	16	view_content
65	Can add istory video	17	add_istoryvideo
66	Can change istory video	17	change_istoryvideo
67	Can delete istory video	17	delete_istoryvideo
68	Can view istory video	17	view_istoryvideo
69	Can add istory	18	add_istory
70	Can change istory	18	change_istory
71	Can delete istory	18	delete_istory
72	Can view istory	18	view_istory
73	Can add breaks item	19	add_breaksitem
74	Can change breaks item	19	change_breaksitem
75	Can delete breaks item	19	delete_breaksitem
76	Can view breaks item	19	view_breaksitem
77	Can add break list	20	add_breaklist
78	Can change break list	20	change_breaklist
79	Can delete break list	20	delete_breaklist
80	Can view break list	20	view_breaklist
\.


--
-- Data for Name: content_breaklist; Type: TABLE DATA; Schema: public; Owner: postgres
--

COPY public.content_breaklist (id) FROM stdin;
\.


--
-- Data for Name: content_breaklist_item; Type: TABLE DATA; Schema: public; Owner: postgres
--

COPY public.content_breaklist_item (id, breaklist_id, breaksitem_id) FROM stdin;
\.


--
-- Data for Name: content_breaksitem; Type: TABLE DATA; Schema: public; Owner: postgres
--

COPY public.content_breaksitem (id, break_item_id) FROM stdin;
\.


--
-- Data for Name: content_cadr; Type: TABLE DATA; Schema: public; Owner: postgres
--

COPY public.content_cadr (id, cadr) FROM stdin;
1	https://i.imgur.com/HD76Lpz_d.webp?maxwidth=1520&fidelity=grand
2	https://f005.backblazeb2.com/file/seezntv/Anime+Filmlar/Sening+isming/cadrs/cadr+(1).jpg
3	https://f005.backblazeb2.com/file/seezntv/Anime+Filmlar/Sening+isming/cadrs/cadr+(2).jpg
4	https://f005.backblazeb2.com/file/seezntv/Anime+Filmlar/Sening+isming/cadrs/cadr+(3).jpg
5	https://f005.backblazeb2.com/file/seezntv/Anime+Filmlar/Sening+isming/cadrs/cadr(4).jpg
6	https://f005.backblazeb2.com/file/seezntv/Anime+Filmlar/Ovoz+shakli/cadrs/cadr+(1).jpg
7	https://f005.backblazeb2.com/file/seezntv/Anime+Filmlar/Ovoz+shakli/cadrs/cadr+(2).jpg
8	https://f005.backblazeb2.com/file/seezntv/Anime+Filmlar/Ovoz+shakli/cadrs/cadr+(3).jpg
9	https://f005.backblazeb2.com/file/seezntv/Anime+Filmlar/Ovoz+shakli/cadrs/cadr+(4).jpg
10	https://f005.backblazeb2.com/file/seezntv/Anime%20Filmlar/Soniyasiga%205%20santimetr/cadrs/cadr%20%281%29.jpg
11	https://f005.backblazeb2.com/file/seezntv/Anime%20Filmlar/Soniyasiga%205%20santimetr/cadrs/cadr%20%281%29.png
12	https://f005.backblazeb2.com/file/seezntv/Anime%20Filmlar/Soniyasiga%205%20santimetr/cadrs/cadr%20%281%29.webp
13	https://f005.backblazeb2.com/file/seezntv/Anime%20Filmlar/Soniyasiga%205%20santimetr/cadrs/cadr%20%282%29.jpg
14	https://f005.backblazeb2.com/file/seezntv/Anime%20Filmlar/Soniyasiga%205%20santimetr/cadrs/cadr%20%282%29.png
15	https://f005.backblazeb2.com/file/seezntv/Anime+Seriallar/Moviy+ko'zlik+vampir/cadrs/cadr+(1).jpg
16	https://f005.backblazeb2.com/file/seezntv/Anime+Seriallar/Moviy+ko'zlik+vampir/cadrs/cadr+(2).jpg
17	https://f005.backblazeb2.com/file/seezntv/Anime+Seriallar/Moviy+ko'zlik+vampir/cadrs/cadr+(3).jpg
18	https://f005.backblazeb2.com/file/seezntv/Anime+Seriallar/Moviy+ko'zlik+vampir/cadrs/cadr+(4).jpg
19	https://f005.backblazeb2.com/file/seezntv/Anime+Seriallar/Moviy+ko'zlik+vampir/cadrs/cadr+(1).webp
20	https://f005.backblazeb2.com/file/seezntv/Xorij+Filmlar/33+Baxtsizlik/card+2.jpg
21	https://f005.backblazeb2.com/file/seezntv/Xorij+Filmlar/33+Baxtsizlik/card+3.jpg
22	https://f005.backblazeb2.com/file/seezntv/Anime+Filmlar/Ovoz+shakli/card+1.jpeg
23	https://f005.backblazeb2.com/file/seezntv/Anime+Filmlar/Ovoz+shakli/card+2.png
24	https://f005.backblazeb2.com/file/seezntv/Anime+Filmlar/Ovoz+shakli/card+4.png
25	https://f005.backblazeb2.com/file/seezntv/Anime+Filmlar/Ovoz+shakli/card+3.png
26	https://f005.backblazeb2.com/file/seezntv/Anime+Filmlar/Ovoz+shakli/card+5.jpg
27	https://f005.backblazeb2.com/file/seezntv/Xorij+Filmlar/Tarmoqdagi+tuzoq/card+1.jpg
28	https://f005.backblazeb2.com/file/seezntv/Xorij+Filmlar/Tarmoqdagi+tuzoq/card+2.jpg
29	https://f005.backblazeb2.com/file/seezntv/Xorij+Filmlar/Tarmoqdagi+tuzoq/card+3.jpg
30	https://f005.backblazeb2.com/file/seezntv/Anime+Filmlar/Sening+isming/card+1.jpg
31	https://f005.backblazeb2.com/file/seezntv/Anime+Filmlar/Sening+isming/card+2.png
32	https://f005.backblazeb2.com/file/seezntv/Anime+Filmlar/Sening+isming/card+3.jpg
34	https://f005.backblazeb2.com/file/seezntv/Anime+Filmlar/Sening+isming/card+4.png
35	https://f005.backblazeb2.com/file/seezntv/Anime+Filmlar/Sening+isming/desktop+post.jpg
36	https://f005.backblazeb2.com/file/seezntv/Anime+Filmlar/Sening+isming/card+6.jpg
37	https://f005.backblazeb2.com/file/seezntv/Multiseriallar/Hasbin+Mehmonxonasi/pilot/card+1.jpg
38	https://f005.backblazeb2.com/file/seezntv/Multiseriallar/Hasbin+Mehmonxonasi/pilot/card+2.jpg
39	https://f005.backblazeb2.com/file/seezntv/Multiseriallar/Hasbin+Mehmonxonasi/pilot/card+3.jpg
40	https://f005.backblazeb2.com/file/seezntv/Multiseriallar/Hasbin+Mehmonxonasi/pilot/card+4.jpg
41	https://f005.backblazeb2.com/file/seezntv/Multiseriallar/Hasbin+Mehmonxonasi/pilot/card+5.jpg
42	https://f005.backblazeb2.com/file/seezntv/Xorij+Filmlar/gerakl/card+1.jpg
43	https://f005.backblazeb2.com/file/seezntv/Xorij+Filmlar/gerakl/card+2.jpg
44	https://f005.backblazeb2.com/file/seezntv/Xorij+Filmlar/gerakl/card+3.jpg
45	https://f005.backblazeb2.com/file/seezntv/Xorij+Filmlar/gerakl/card+4.jpg
46	https://f005.backblazeb2.com/file/seezntv/Xorij+Filmlar/gerakl/card+5.jpg
47	https://f005.backblazeb2.com/file/seezntv/Anime+Seriallar/O'lim+Kundaligi/posters/card+1.jpg
48	https://f005.backblazeb2.com/file/seezntv/Anime+Seriallar/O'lim+Kundaligi/posters/card+2.jpg
49	https://seezntv.s3.us-east-005.backblazeb2.com/Anime+Seriallar/O'lim+Kundaligi/posters/card+3.jpg
50	https://f005.backblazeb2.com/file/seezntv/Anime+Seriallar/O'lim+Kundaligi/posters/card+4.jpg
51	https://f005.backblazeb2.com/file/seezntv/Anime+Seriallar/O'lim+Kundaligi/posters/card+5.jpg
52	https://f005.backblazeb2.com/file/seezntv/Anime+Seriallar/O'lim+Kundaligi/posters/card+6.jpg
53	https://f005.backblazeb2.com/file/seezntv/Anime+Seriallar/O'lim+Kundaligi/posters/card+7.jpg
54	https://f005.backblazeb2.com/file/seezntv/Anime+Seriallar/O'lim+Kundaligi/posters/card+8.jpg
55	https://f005.backblazeb2.com/file/seezntv/Anime+Seriallar/O'lim+Kundaligi/posters/card+9.jpg
56	https://f005.backblazeb2.com/file/seezntv/Multifilmlar/ice+age+1/card+1.jpg
57	https://f005.backblazeb2.com/file/seezntv/Multifilmlar/me4/card+1+(2).jpg
58	https://f005.backblazeb2.com/file/seezntv/Multifilmlar/me4/card+2+(2).jpg
59	https://f005.backblazeb2.com/file/seezntv/Multifilmlar/me4/card+3+(2).jpg
60	https://f005.backblazeb2.com/file/seezntv/Anime+Filmlar/Kiki+Eltuv+xizmati/card+1.jpg
61	https://f005.backblazeb2.com/file/seezntv/Anime+Filmlar/Kiki+Eltuv+xizmati/card+2.jpg
62	https://f005.backblazeb2.com/file/seezntv/Anime+Filmlar/Kiki+Eltuv+xizmati/card+3.jpg
63	https://f005.backblazeb2.com/file/seezntv/Multifilmlar/ice%20age%202/cadr%201.jpg
64	https://f005.backblazeb2.com/file/seezntv/Multifilmlar/ice%20age%202/cadr%202.jpg
65	https://f005.backblazeb2.com/file/seezntv/Multifilmlar/ice%20age%202/cadr%203.jpg
66	https://f005.backblazeb2.com/file/seezntv/Anime+Filmlar/yozgi+arvoh/Summer-Ghost-4.jpg
67	https://f005.backblazeb2.com/file/seezntv/Anime+Filmlar/yozgi+arvoh/7fc3f0ebbce7d7ed6f2dbaaefeb36565.jpg
68	https://f005.backblazeb2.com/file/seezntv/Anime+Filmlar/yozgi+arvoh/1qUkE3Jbqb6qJgPiuJtIrMA.jpg
69	https://f005.backblazeb2.com/file/seezntv/Multifilmlar/ice%20age%203/cadr1.jpg
70	https://f005.backblazeb2.com/file/seezntv/Multifilmlar/ice%20age%203/cadr2.jpg
71	https://f005.backblazeb2.com/file/seezntv/Multifilmlar/ice%20age%203/cadr3.jpg
72	https://f005.backblazeb2.com/file/seezntv/Multifilmlar/ice%20age%203/cadr4.jpg
73	https://f005.backblazeb2.com/file/seezntv/Multifilmlar/imperator+kusko+2/card+1.jpg
75	https://f005.backblazeb2.com/file/seezntv/Multifilmlar/imperator+kusko+2/card+3.jpg
76	https://f005.backblazeb2.com/file/seezntv/Multifilmlar/imperator+kusko+2/card+2.jpg
77	https://f005.backblazeb2.com/file/seezntv/Multifilmlar/imperator+kusko+2/card+4.jpg
78	https://f005.backblazeb2.com/file/seezntv/Xorij+Filmlar/alkimyogar/cards/card+1.jpg
79	https://f005.backblazeb2.com/file/seezntv/Xorij+Filmlar/alkimyogar/cards/card+2.jpg
80	https://f005.backblazeb2.com/file/seezntv/Xorij+Filmlar/alkimyogar/cards/card+3.jpg
81	https://f005.backblazeb2.com/file/seezntv/Anime+Filmlar/Baki/card+1.jpg
82	https://f005.backblazeb2.com/file/seezntv/Anime+Filmlar/Baki/card+2.jpg
83	https://f005.backblazeb2.com/file/seezntv/Multifilmlar/Xazinalar+sayyorasi/Posters/card+1.jpg
84	https://f005.backblazeb2.com/file/seezntv/Multifilmlar/Xazinalar+sayyorasi/Posters/card+2.jpg
85	https://f005.backblazeb2.com/file/seezntv/Multifilmlar/Xazinalar+sayyorasi/Posters/card+3.jpeg
86	https://f005.backblazeb2.com/file/seezntv/Multifilmlar/Xazinalar+sayyorasi/Posters/card+4.png
87	https://f005.backblazeb2.com/file/seezntv/Xorij+Filmlar/Jodu+saltanati+1/Posters/card+1.jpg
88	https://f005.backblazeb2.com/file/seezntv/Xorij+Filmlar/Jodu+saltanati+1/Posters/card+2.jpg
89	https://f005.backblazeb2.com/file/seezntv/Xorij+Filmlar/Jodu+saltanati+1/Posters/card+3.jpg
91	https://f005.backblazeb2.com/file/seezntv/Multifilmlar/Mahluqlar+Tatilda+1/posters/card+1.jpg
92	https://f005.backblazeb2.com/file/seezntv/Multifilmlar/Mahluqlar+Tatilda+1/posters/card+2.jpg
93	https://f005.backblazeb2.com/file/seezntv/Multifilmlar/Mahluqlar+Tatilda+1/posters/card+3.jpg
94	https://f005.backblazeb2.com/file/seezntv/Multifilmlar/Mahluqlar+Tatilda+1/posters/card+4.jpg
95	https://f005.backblazeb2.com/file/seezntv/Xorij+Filmlar/Abadiylar/poster/card+1.jpg.webp
96	https://f005.backblazeb2.com/file/seezntv/Xorij+Filmlar/Abadiylar/poster/card+2.jpeg
97	https://f005.backblazeb2.com/file/seezntv/Xorij+Filmlar/Abadiylar/poster/card+3.jpeg
98	https://f005.backblazeb2.com/file/seezntv/Xorij+Filmlar/Abadiylar/poster/card+4.png.webp
99	https://f005.backblazeb2.com/file/seezntv/Anime+Filmlar/Yozgacha+tunnel/Poster/card+1.jpg
100	https://f005.backblazeb2.com/file/seezntv/Anime+Filmlar/Yozgacha+tunnel/Poster/card+2.png
101	https://f005.backblazeb2.com/file/seezntv/Anime+Filmlar/Yozgacha+tunnel/Poster/card+3.webp
102	https://f005.backblazeb2.com/file/seezntv/Anime+Filmlar/Yozgacha+tunnel/Poster/card+4.jpg
103	https://f005.backblazeb2.com/file/seezntv/Multifilmlar/Turbo/poster/card+1.jpg
104	https://f005.backblazeb2.com/file/seezntv/Multifilmlar/Turbo/poster/card+2.jpg
105	https://f005.backblazeb2.com/file/seezntv/Multifilmlar/Turbo/poster/card+3.jpg
106	https://f005.backblazeb2.com/file/seezntv/Xorij+Filmlar/Garri+poter+1/poster/card+1.jpeg
107	https://f005.backblazeb2.com/file/seezntv/Xorij+Filmlar/Garri+poter+1/poster/card+2.jpg
108	https://f005.backblazeb2.com/file/seezntv/Xorij+Filmlar/Garri+poter+1/poster/card+3.jpeg
109	https://f005.backblazeb2.com/file/seezntv/Anime+Seriallar/Mahluq+bo'lib+qayta+tug'ilishim/posters/card+1.jpeg
110	https://f005.backblazeb2.com/file/seezntv/Anime+Seriallar/Mahluq+bo'lib+qayta+tug'ilishim/posters/card-2.jpg
111	https://f005.backblazeb2.com/file/seezntv/Anime+Seriallar/Mahluq+bo'lib+qayta+tug'ilishim/posters/card-3.jpg
112	https://f005.backblazeb2.com/file/seezntv/Xorij+Filmlar/Karib+dengizi+qaroqchilari/Posters/card+1.webp
113	https://seezntv.s3.us-east-005.backblazeb2.com/Xorij+Filmlar/Mortal+kombat/posters/card+1.jpg
114	https://f005.backblazeb2.com/file/seezntv/Xorij+Filmlar/Mortal+kombat/posters/card+2.jpg
115	https://f005.backblazeb2.com/file/seezntv/Xorij+Filmlar/Mortal+kombat/posters/card+3.jpg
116	https://f005.backblazeb2.com/file/seezntv/Anime+Seriallar/Murdalar+bazmi-+Jahannam+maktabi/posters/card+1.webp
117	https://f005.backblazeb2.com/file/seezntv/Anime+Seriallar/Murdalar+bazmi-+Jahannam+maktabi/posters/card+2.jpg
118	https://f005.backblazeb2.com/file/seezntv/Anime+Seriallar/Murdalar+bazmi-+Jahannam+maktabi/posters/card+3.webp
119	https://f005.backblazeb2.com/file/seezntv/Anime+Seriallar/Murdalar+bazmi-+Jahannam+maktabi/posters/card+4.jpg
120	https://f005.backblazeb2.com/file/seezntv/Xorij+Filmlar/Deadpool+3/posters/card+2.jpg
121	https://f005.backblazeb2.com/file/seezntv/Xorij+Filmlar/Deadpool+3/posters/card+3.jpg
122	https://f005.backblazeb2.com/file/seezntv/Xorij+Filmlar/Deadpool+3/posters/card+4.jpg
123	https://f005.backblazeb2.com/file/seezntv/Multifilmlar/emojilar/posters/card+1.webp
124	https://f005.backblazeb2.com/file/seezntv/Multifilmlar/emojilar/posters/card+2.webp
125	https://f005.backblazeb2.com/file/seezntv/Multifilmlar/emojilar/posters/card+3.jpg
126	https://f005.backblazeb2.com/file/seezntv/Kino+Seriallar/Afsungar/posters/card+1.jpg
127	https://f005.backblazeb2.com/file/seezntv/Kino+Seriallar/Afsungar/posters/card+2.jpg
128	https://f005.backblazeb2.com/file/seezntv/Kino+Seriallar/Afsungar/posters/card+3.jpg
129	https://f005.backblazeb2.com/file/seezntv/Multifilmlar/Qahramonlar+shahri/posters/card+1.jpg
130	https://f005.backblazeb2.com/file/seezntv/Multifilmlar/Qahramonlar+shahri/posters/card+2.jpg
131	https://f005.backblazeb2.com/file/seezntv/Multifilmlar/Etik+Kigan+mushuk+2/posters/card+1.webp
132	https://f005.backblazeb2.com/file/seezntv/Multifilmlar/Etik+Kigan+mushuk+2/posters/card+2.png
133	https://f005.backblazeb2.com/file/seezntv/Multifilmlar/Etik+Kigan+mushuk+2/posters/card+3.jpg
134	https://f005.backblazeb2.com/file/seezntv/Anime+Filmlar/Bola+va+Qush/posters/card+1.jpg
135	https://f005.backblazeb2.com/file/seezntv/Anime+Filmlar/Bola+va+Qush/posters/card+2.webp
136	https://f005.backblazeb2.com/file/seezntv/Anime+Filmlar/Bola+va+Qush/posters/card+3.jpg
137	https://f005.backblazeb2.com/file/seezntv/Anime+Filmlar/Bola+va+Qush/posters/card+4.jpg
138	https://f005.backblazeb2.com/file/seezntv/Xorij+Filmlar/Ustasi+faranglar+/posters/card+1.webp
139	https://f005.backblazeb2.com/file/seezntv/Xorij+Filmlar/Ustasi+faranglar+/posters/card+2.jpg
140	https://f005.backblazeb2.com/file/seezntv/Xorij+Filmlar/Ustasi+faranglar+/posters/card+3.jpg
141	https://f005.backblazeb2.com/file/seezntv/Anime+Seriallar/Tanyaning+urush+yilnomalari/posters/card+1.jpg
142	https://f005.backblazeb2.com/file/seezntv/Anime+Seriallar/Tanyaning+urush+yilnomalari/posters/card+2.jpg
143	https://f005.backblazeb2.com/file/seezntv/Anime+Seriallar/Tanyaning+urush+yilnomalari/posters/card+3.jpg
144	https://f005.backblazeb2.com/file/seezntv/Hind+Filmlari/3+savdoyi/posters/card+1.webp
145	https://f005.backblazeb2.com/file/seezntv/Hind+Filmlari/3+savdoyi/posters/card+2.jpg
146	https://f005.backblazeb2.com/file/seezntv/Xorij+Filmlar/Jannat+onalar+oyogi+ostida/posters/card+2.jpg
147	https://f005.backblazeb2.com/file/seezntv/Xorij+Filmlar/Jannat+onalar+oyogi+ostida/posters/card+3.jpg
148	https://f005.backblazeb2.com/file/seezntv/Xorij+Filmlar/Jannat+onalar+oyogi+ostida/posters/card+1.png
149	https://f005.backblazeb2.com/file/seezntv/Xorij+Filmlar/Platforma+2/posters/card+1.webp
150	https://f005.backblazeb2.com/file/seezntv/Xorij+Filmlar/Platforma+2/posters/card+2.jpg
151	https://f005.backblazeb2.com/file/seezntv/Xorij+Filmlar/Platforma+2/posters/card+3.jpg
152	https://f005.backblazeb2.com/file/seezntv/Xorij+Filmlar/karib+dengizi+qaroqchilari+2/card+1.webp
153	https://f005.backblazeb2.com/file/seezntv/Xorij+Filmlar/karib+dengizi+qaroqchilari+2/card+2.jpg
154	https://f005.backblazeb2.com/file/seezntv/Xorij+Filmlar/karib+dengizi+qaroqchilari+2/card+3.jpg
155	https://f005.backblazeb2.com/file/seezntv/Anime+Seriallar/Vada+qilingan+neverlend/1-fasl/posters/card+1.jpg
156	https://f005.backblazeb2.com/file/seezntv/Anime+Seriallar/Vada+qilingan+neverlend/1-fasl/posters/card+2.jpg
157	https://f005.backblazeb2.com/file/seezntv/Anime+Seriallar/Vada+qilingan+neverlend/1-fasl/posters/card+3.jpg
158	https://f005.backblazeb2.com/file/seezntv/Anime+Seriallar/Vada+qilingan+neverlend/1-fasl/posters/card+4.webp
159	https://f005.backblazeb2.com/file/seezntv/Multifilmlar/uy+hayvonlari+sirli+hayoti+1/posters/card+1.jpg
160	https://f005.backblazeb2.com/file/seezntv/Multifilmlar/uy+hayvonlari+sirli+hayoti+1/posters/card+2.jpg
161	https://f005.backblazeb2.com/file/seezntv/Hind+Filmlari/Gajjini+Qasos/card+1.jpg
162	https://f005.backblazeb2.com/file/seezntv/Multifilmlar/Jahildor+qushlar/post+jahildor+qushlar/card+1.jpg
164	https://avatars.mds.yandex.net/i?id=f1b8ddcbb3d0dbdaa925c16b20385fac_l-4600164-images-thumbs&n=13
165	https://f005.backblazeb2.com/file/seezntv/telekanallar/Zo'r+tv/desktop+poster.jpg
166	https://f005.backblazeb2.com/file/seezntv/telekanallar/Zo'r+tv/poster+mobile.jpg
167	https://f005.backblazeb2.com/file/seezntv/Multifilmlar/Pakana+burunboy/posters/card+1.jpg
168	https://f005.backblazeb2.com/file/seezntv/Multifilmlar/Pakana+burunboy/posters/card-2.png
169	https://f005.backblazeb2.com/file/seezntv/Multifilmlar/Pakana+burunboy/posters/card-3.png
170	https://f005.backblazeb2.com/file/seezntv/Multifilmlar/Pakana+burunboy/posters/card+4.jpeg
171	https://f005.backblazeb2.com/file/seezntv/Multifilmlar/Pakana+burunboy/posters/card-5.png
172	https://f005.backblazeb2.com/file/seezntv/Xorij+Filmlar/Venom+3/venom+poster/card+1.jpg
173	https://f005.backblazeb2.com/file/seezntv/Xorij+Filmlar/Venom+3/venom+poster/card+2.jpg
174	https://f005.backblazeb2.com/file/seezntv/Multifilmlar/Alauddin/post+alauddin/card+1.jpg
175	https://f005.backblazeb2.com/file/seezntv/Multifilmlar/Alauddin/post+alauddin/card+2.png
176	https://f005.backblazeb2.com/file/seezntv/Xorij+Filmlar/jodu+saltanati+2/posters/card+1.jpg
177	https://f005.backblazeb2.com/file/seezntv/Xorij+Filmlar/jodu+saltanati+2/posters/card+2.jpg
178	https://f005.backblazeb2.com/file/seezntv/Xorij+Filmlar/jodu+saltanati+2/posters/card+3.jpg
179	https://f005.backblazeb2.com/file/seezntv/Xorij+Filmlar/jodu+saltanati+2/posters/card+4.jpg
180	https://f005.backblazeb2.com/file/seezntv/Multiseriallar/Rik+va+morty/1-fals/posters/card+1.jpg
181	https://f005.backblazeb2.com/file/seezntv/Xorij+Filmlar/jodu+saltanati+3/posters/card+1.jpg
182	https://f005.backblazeb2.com/file/seezntv/Xorij+Filmlar/jodu+saltanati+3/posters/card+2.jpg
183	https://f005.backblazeb2.com/file/seezntv/Xorij+Filmlar/jodu+saltanati+3/posters/card+3.jpg
184	https://f005.backblazeb2.com/file/seezntv/Multifilmlar/Nimona/card+1.jpg
185	https://f005.backblazeb2.com/file/seezntv/Multifilmlar/Nimona/card+2.jpg
186	https://f005.backblazeb2.com/file/seezntv/Multifilmlar/Nimona/card+3.jpg
187	https://f005.backblazeb2.com/file/seezntv/Xorij+Filmlar/Narniya/1-film/narniya+poster/card+1.jpg
188	https://f005.backblazeb2.com/file/seezntv/Xorij+Filmlar/Narniya/1-film/narniya+poster/card+2.jpg
189	https://f005.backblazeb2.com/file/seezntv/Xorij+Filmlar/interstellar/Interstellar+poster/card+1.jpg
190	https://f005.backblazeb2.com/file/seezntv/Xorij+Filmlar/interstellar/Interstellar+poster/card+2.jpg
191	https://f005.backblazeb2.com/file/seezntv/Xorij+Filmlar/interstellar/Interstellar+poster/card+3.jpg
192	https://f005.backblazeb2.com/file/seezntv/Xorij+Filmlar/interstellar/Interstellar+poster/card+4.jpg
193	https://f005.backblazeb2.com/file/seezntv/Xorij+Filmlar/Narniya/2-film/narniya+poster/card+1.jpg
194	https://f005.backblazeb2.com/file/seezntv/Xorij+Filmlar/Narniya/2-film/narniya+poster/card+2.jpg
195	https://f005.backblazeb2.com/file/seezntv/Xorij+Filmlar/Narniya/2-film/narniya+poster/card+3.jpg
196	https://f005.backblazeb2.com/file/seezntv/Xorij+Filmlar/Karib+dengizi+qaroqchilari+3/card+1.jpg
197	https://f005.backblazeb2.com/file/seezntv/Xorij+Filmlar/Karib+dengizi+qaroqchilari+3/card+2.jpg
198	https://f005.backblazeb2.com/file/seezntv/Xorij+Filmlar/Karib+dengizi+qaroqchilari+3/card+3.jpg
199	https://f005.backblazeb2.com/file/seezntv/Xorij+Filmlar/Afsungar/Afsungar+poster/card+1.jpg
200	https://f005.backblazeb2.com/file/seezntv/Xorij+Filmlar/Afsungar/Afsungar+poster/card+2.jpg
201	https://f005.backblazeb2.com/file/seezntv/Xorij+Filmlar/Afsungar/Afsungar+poster/card+3.jpg
202	https://f005.backblazeb2.com/file/seezntv/Xorij+Filmlar/Oppengeymer/card+1.jpg
203	https://f005.backblazeb2.com/file/seezntv/Xorij+Filmlar/Oppengeymer/card+2.jpg
204	https://f005.backblazeb2.com/file/seezntv/Xorij+Filmlar/Oppengeymer/card+3.jpg
205	https://f005.backblazeb2.com/file/seezntv/Xorij+Filmlar/Garri+poter+serias/Askaban+mahbusi/card+1.jpg
206	https://seezntv.s3.us-east-005.backblazeb2.com/Xorij+Filmlar/Garri+poter+serias/Askaban+mahbusi/card+2.jpg
207	https://f005.backblazeb2.com/file/seezntv/Xorij+Filmlar/Garri+poter+serias/Askaban+mahbusi/card+3.jpg
208	https://f005.backblazeb2.com/file/seezntv/Xorij+Filmlar/Garri+potter/2-film/card+1.jpg
209	https://f005.backblazeb2.com/file/seezntv/Xorij+Filmlar/Garri+potter/2-film/card+2.jpg
210	https://f005.backblazeb2.com/file/seezntv/Xorij+Filmlar/Garri+potter/2-film/card+3.jpg
211	https://f005.backblazeb2.com/file/seezntv/Xorij+Filmlar/Garri+potter/2-film/card+4.jpg
212	https://f005.backblazeb2.com/file/seezntv/Xorij+Filmlar/Garri+poter+serias/Alanga+kubigi/card+1.jpg
213	https://f005.backblazeb2.com/file/seezntv/Xorij+Filmlar/Garri+poter+serias/Alanga+kubigi/card+2.jpg
214	https://f005.backblazeb2.com/file/seezntv/Xorij+Filmlar/Garri+poter+serias/Alanga+kubigi/card+3.jpg
215	https://f005.backblazeb2.com/file/seezntv/Xorij+Filmlar/Garri+poter+serias/Alanga+kubigi/card+4.jpg
216	https://f005.backblazeb2.com/file/seezntv/Xorij+Filmlar/Garri+poter+serias/Alanga+kubigi/card+5.jpg
217	https://f005.backblazeb2.com/file/seezntv/Multifilmlar/Kunfu+panda+series/Kunfu+panda+1/card+1.jpg
218	https://f005.backblazeb2.com/file/seezntv/Multifilmlar/Kunfu+panda+series/Kunfu+panda+1/card+2.jpg
219	https://f005.backblazeb2.com/file/seezntv/Anime+Seriallar/Moviy+quticha/moviy+quticha+poter/card+1.jpg
220	https://f005.backblazeb2.com/file/seezntv/Anime+Seriallar/Moviy+quticha/moviy+quticha+poter/card+2.jpg
221	https://f005.backblazeb2.com/file/seezntv/Anime+Seriallar/Moviy+quticha/moviy+quticha+poter/card+3.jpg
222	https://f005.backblazeb2.com/file/seezntv/Anime+Seriallar/Moviy+quticha/moviy+quticha+poter/card4.jpg
223	https://f005.backblazeb2.com/file/seezntv/Anime+Seriallar/Attack+on+titan/1-fasl/attack+poster/card+1.jpg
224	https://f005.backblazeb2.com/file/seezntv/Anime+Seriallar/Attack+on+titan/1-fasl/attack+poster/card+2.jpg
225	https://f005.backblazeb2.com/file/seezntv/Anime+Seriallar/Attack+on+titan/1-fasl/attack+poster/card+3.jpg
226	https://f005.backblazeb2.com/file/seezntv/Anime+Seriallar/Attack+on+titan/1-fasl/attack+poster/card+5.jpg
227	https://f005.backblazeb2.com/file/seezntv/Anime+Seriallar/Attack+on+titan/1-fasl/attack+poster/card+4.jpg
228	https://f005.backblazeb2.com/file/seezntv/Xorij+Filmlar/kingsman/kingsman+1/kingsman+poster/card+1.jpg
229	https://f005.backblazeb2.com/file/seezntv/Xorij+Filmlar/kingsman/kingsman+1/kingsman+poster/card+2.jpg
230	https://f005.backblazeb2.com/file/seezntv/Xorij+Filmlar/kingsman/kingsman+1/kingsman+poster/card+3.jpg
231	https://f005.backblazeb2.com/file/seezntv/Xorij+Filmlar/kingsman/kingsman+1/kingsman+poster/card+4.jpg
235	https://f005.backblazeb2.com/file/seezntv/Multifilmlar/Moana/moana+2/posters/card+2.jpg
236	https://f005.backblazeb2.com/file/seezntv/Multifilmlar/Moana/moana+2/posters/card+1.jpg
237	https://f005.backblazeb2.com/file/seezntv/Multifilmlar/Moana/moana+2/posters/card+3.jpg
\.


--
-- Data for Name: content_categoryitem; Type: TABLE DATA; Schema: public; Owner: postgres
--

COPY public.content_categoryitem (id, item) FROM stdin;
1	Anime Filmlari
2	Anime Seriallari
4	Multifilmlar
5	Xorij Filmlari
7	Xorij seriallari
8	Hind Filmlari
9	O'zbek Filmlar
10	Telekanallar
\.


--
-- Data for Name: content_categorylist; Type: TABLE DATA; Schema: public; Owner: postgres
--

COPY public.content_categorylist (id, category_id) FROM stdin;
1	1
2	2
4	4
5	5
7	7
8	8
9	9
11	10
\.


--
-- Data for Name: content_content; Type: TABLE DATA; Schema: public; Owner: postgres
--

COPY public.content_content (id, poster_desktop, poster_mobile, poster_card, poster_video, title, description, age_limit, release_date, upload_at) FROM stdin;
2	https://f005.backblazeb2.com/file/seezntv/Anime+Filmlar/Sening+isming/card+1.jpg	https://f005.backblazeb2.com/file/seezntv/Anime+Filmlar/Sening+isming/mobile+post.jpg	https://f005.backblazeb2.com/file/seezntv/Anime+Filmlar/Sening+isming/card+post.jpg	https://f005.backblazeb2.com/file/seezntv/Anime+Filmlar/Sening+isming/triller.mp4	Sening isming	Kichik qishloq shahrida yashovchi Mitsuxa Miiamizu o'zining oddiy hayotidan qochib, Tokio shahrining hayajonli hayotini boshdan kechirishni orzu qiladi. Ayni paytda, Tokioda yashovchi Taki Tachibana maktab va yarim kunlik ish o'rtasida balansni ushlab turishga harakat qiladi. Bir kuni, ular sirli ravishda tushida tanalarini almashishni boshlashadi, bu esa bir qator g'ayrioddiy va kulgili voqealarga olib keladi.\r\n\r\nMitsuxa va Taki yangi haqiqatlarini anglashga harakat qilib, bir-birlariga xabarlar qoldiradi va kundalik hayotlarini yengillatishda yordam beradi. Dastlabki chalkashlik va bezovtalikka qaramasdan, ular o'rtasida kuchli bog'lanish paydo bo'ladi. Ammo ular o'zlarining noodatiy aloqalarini tushunib, qadrlay boshlaganlarida, hayotlarini abadiy o'zgartirishi mumkin bo'lgan qo'rqinchli sirni kashf etishadi.	16	2016-08-26	2024-07-23
6	https://f005.backblazeb2.com/file/seezntv/Anime%20Filmlar/Soniyasiga%205%20santimetr/desktop.webp	https://f005.backblazeb2.com/file/seezntv/Anime%20Filmlar/Soniyasiga%205%20santimetr/mobile.webp	https://f005.backblazeb2.com/file/seezntv/Anime%20Filmlar/Soniyasiga%205%20santimetr/card.jpg	https://f005.backblazeb2.com/file/seezntv/Anime%20Filmlar/Soniyasiga%205%20santimetr/5%20Centimeters%20Per%20Second%20Trailer.mp4	Soniyasiga 5 santimetr	"Soniyasiga 5 santimetr" (5 Centimeters per Second) Makoto Shinkai tomonidan yaratilgan, 2007-yilda chiqarilgan romantik va drama janridagi anime filmidir. Film uchta qisqa hikoyadan iborat bolib, ularda asosiy qahramon Takaki Tno va uning bolalikdagi do'sti Akari Shinohara ortasidagi munosabatlarning vaqt otishi bilan qanday ozgarishi tasvirlanadi. Har bir qism ozining nozik tasvirlari va hissiyotlarga boy sahnalari bilan mashhur.	13	2007-03-03	2024-07-24
9	https://f005.backblazeb2.com/file/seezntv/Anime+Seriallar/cyberpunk/desktop+cyberpunk.jpg	https://f005.backblazeb2.com/file/seezntv/Anime+Seriallar/cyberpunk/mobile+cyberpunk.jpeg	https://f005.backblazeb2.com/file/seezntv/Anime+Seriallar/cyberpunk/card+cyberpunk.jpg	https://f005.backblazeb2.com/file/seezntv/Anime+Seriallar/cyberpunk/triller.mp4	Cyberpunk: Edgerunners / Kiberpank Ajal Changalida	Bir kocha bolaliqda yashovchi kichik yoshli inson kelajagidagi texnologiya va jismoniy o'zgarishlarga aqldan jiqin shaharda yashashga harakat qiladi. Barchasini yo'qotish mumkin, ammo tiriklikni saqlash uchun u edgerunner deb nomlanadigan merkantiy hayotini tanladi: qonunqa zidd, hattoki cyberpunk.	17	2022-09-13	2024-07-29
10	https://f005.backblazeb2.com/file/seezntv/Multifilmlar/imperator+kusko/1-film/desktop+kusko.jpg	https://f005.backblazeb2.com/file/seezntv/Multifilmlar/imperator+kusko/1-film/mobile+kusko.jpg	https://f005.backblazeb2.com/file/seezntv/Multifilmlar/imperator+kusko/1-film/card+kusko.jpg	https://f005.backblazeb2.com/file/seezntv/Multifilmlar/imperator+kusko/1-film/triller+kusko.mp4	Imperator Kusko 1	Imperator Kuzko lamaga aylanganda, u orqaga qaytish va taxtga ega bo'lish uchun yumshoq lama cho'pon Pachadan yordam olishi kerak.	6	2000-12-10	2024-07-30
11	https://f005.backblazeb2.com/file/seezntv/Xorij+Filmlar/33+Baxtsizlik/desktop+post.jpg	https://f005.backblazeb2.com/file/seezntv/Xorij+Filmlar/33+Baxtsizlik/mobile+post.jpg	https://f005.backblazeb2.com/file/seezntv/Xorij+Filmlar/33+Baxtsizlik/card+post-1.jpg	https://f005.backblazeb2.com/file/seezntv/Xorij+Filmlar/33+Baxtsizlik/triller+33.mp4	33 Baxtsizlik	Bodlerning bolalari ota-onasini uydagi yonginda yoqotgach, ular graf Olafning qaramogida saqlanadi. Biroq, yovuz odam ularning merosini tortib olish uchun qo'lidan kelganini qiladi.	12	2004-12-17	2024-07-30
12	https://f005.backblazeb2.com/file/seezntv/Anime+Filmlar/Ovoz+shakli/desktop+post.png	https://f005.backblazeb2.com/file/seezntv/Anime+Filmlar/Ovoz+shakli/mobile+post.jpg	https://f005.backblazeb2.com/file/seezntv/Anime+Filmlar/Ovoz+shakli/4.jpg	https://f005.backblazeb2.com/b2api/v1/b2_download_file_by_id?fileId=4_z621941f46085d3b8940d011b_f11953068915b832a_d20240731_m030245_c005_v0501004_t0025_u01722394965224	Ovoz Shakli	Kattalar dunyosi singari, bolalar dunyosi ham normal deb hisoblangan boshqalardan ajralib turadigan farqlarga toqat qilmaydi. Bu dunyo shafqatsiz, chunki uning aholisi, kattalar dunyosi aholisidan farqli o'laroq, soxta tabassum orqasida yomon fikrlarni yashirishni hali o'rganmagan. Ko'p narsalar ular uchun tushunarsiz, bundan tashqari, noma'lum. Bolalar to'g'ridan-to'g'ri. Va shuning uchun ular juda shafqatsiz. Biroq, barcha bolalar bir kun kelib ulg'ayishadi. Va maktab tartibiga nazar tashlaydigan bo'lsak, ularning ba'zilari yoshligidan uyaladi. Namunaviy bezori va dovdirab ozini mayli deb mazax qilgani uchun qancha yillar otishini tasavvur qilish qiyin. Ba'zi odamlar buni hatto eslay olmaydilar. Shoyaga o'xshagan odam esa qattiq nafrat bilan o'zidan nafratlanadi. Boshlang'ich maktabda u Shoko ismli sinfdoshining hayotini do'zaxga aylantirishga muvaffaq bo'ldi. Faqat u hamma kabi emas, balki kar bo'lgani uchun. Va endi, bir necha yil o'tgach, bola kechikkan bo'lsa-da, tushundi: sizni eshitmaydigan odamga muhim bir narsani aytish uchun ovozingizni ishlatishingiz shart emas.	12	2016-09-17	2024-07-31
13	https://f005.backblazeb2.com/file/seezntv/Xorij+Filmlar/Tarmoqdagi+tuzoq/desktop+post.jpg	https://f005.backblazeb2.com/file/seezntv/Xorij+Filmlar/Tarmoqdagi+tuzoq/mobile+post.jpg	https://f005.backblazeb2.com/file/seezntv/Xorij+Filmlar/Tarmoqdagi+tuzoq/card+post.jpg	https://f005.backblazeb2.com/file/seezntv/Xorij+Filmlar/Tarmoqdagi+tuzoq/Who_Am_I_No_System_Is_Safe_Official_Trailer_%231_2014_Tom_Schilling.mp4	Tarmoqdagi Tuzoq / Men Kimman?	Benjamin - yosh kompyuter dahosi. Bolaligidanoq u komediya super qahramoni bo'lishni va dunyoni zabt etishni orzu qiladi. Ammo haqiqiy hayotda u hech kim emas. Uning teskarisini - xarizmatik Maksni uchratganda uning hayoti keskin o'zgaradi. Tizimning qattiq doiralarida qo'shni xoxlamasdan, ular bir qator qo'rqinchli kiber jinoyatlarga yo'l'yadilar. Befarq jamiyatga qarshi isyon ko'tarib, ular butun avlod uchun butlarga aylandi. Endi Benjamin super qahramon emas, u dunyodagi eng ko'p qidirilayotgan xaker. Ammo muqobil haqiqatga o'tgandan keyin uni nima kutmoqda? U aslida kim?	16	2014-09-25	2024-07-31
14	https://f005.backblazeb2.com/file/seezntv/Multiseriallar/Hasbin+Mehmonxonasi/pilot/mobile+post.jpg	https://f005.backblazeb2.com/file/seezntv/Multiseriallar/Hasbin+Mehmonxonasi/pilot/desktop+post.jpg	https://f005.backblazeb2.com/file/seezntv/Multiseriallar/Hasbin+Mehmonxonasi/pilot/card+post.jpg	https://f005.backblazeb2.com/file/seezntv/Multiseriallar/Hasbin+Mehmonxonasi/pilot/triller.mp4	Hazbin Mehmonxonasi	Do'zaxning haddan tashqari ko'p sonini kamaytirish uchun zo'ravonliksiz alternativani topishga urinib, Lyutsiferning qizi bir guruh noto'g'ri jinlarga xalos bo'lish imkoniyatini taklif qiladigan reabilitatsiya mehmonxonasini ochadi.	18	2019-10-28	2024-08-02
29	https://f005.backblazeb2.com/file/seezntv/Xorij+Filmlar/Abadiylar/poster/desktop+poster.webp	https://f005.backblazeb2.com/file/seezntv/Xorij+Filmlar/Abadiylar/poster/mobile+poster.jpg	https://f005.backblazeb2.com/file/seezntv/Xorij+Filmlar/Abadiylar/poster/card+poster.jpg	https://f005.backblazeb2.com/file/seezntv/Xorij+Filmlar/Abadiylar/poster/triller.mp4	Abadiylar	Yer yuzida ming yillar davomida yashirincha yashab kelgan g'ayritabiiy kuchlarga ega bo'lgan o'lmas mavjudotlar irqi bo'lgan Abadiylar yovuz Deviantlarga qarshi kurash uchun qayta birlashadilar.	13	2021-11-01	2024-09-09
15	https://f005.backblazeb2.com/file/seezntv/Xorij+Filmlar/gerakl/dektop+post.jpg	https://f005.backblazeb2.com/file/seezntv/Xorij+Filmlar/gerakl/mobile+post.jpg	https://f005.backblazeb2.com/file/seezntv/Xorij+Filmlar/gerakl/card+post.jpg	https://f005.backblazeb2.com/file/seezntv/Xorij+Filmlar/gerakl/triller.mp4	Gerakl / Gerkules	Ming yildan ko'proq vaqt oldin, azob chekkan ruh Yerni o'rab oldi, demigod, yarim odam - Gerkules - xudolar shohi Zevsning qudratli o'g'li, barcha 12 ekspluatatsiyani yakunlab, oilasini yo'qotdi va endi faqat qonli janglarda tinchlanmoqda.\r\nYillar davomida u atrofiga oltita yo'qolgan jangchilarni to'playdi, ular uchun hayotning yagona ma'nosi urushlar va o'lim xavfi mavjud edi. Bu erkaklar va ayollar hech qachon qaerda, nima uchun yoki kim bilan jang qilishni so'ramaydilar; faqat qancha to'lanadi. Buni bilib, Frakiya qiroli Cotis bu askarlarni o'z askarlarini o'rgatish va ularni har doim eng kuchli va buyuk armiya qilish uchun yollaydi.	13	2014-07-24	2024-08-03
16	https://f005.backblazeb2.com/file/seezntv/Anime+Seriallar/O'lim+Kundaligi/posters/desktop+post.jpg	https://f005.backblazeb2.com/file/seezntv/Anime+Seriallar/O'lim+Kundaligi/posters/mobile+post.png	https://f005.backblazeb2.com/file/seezntv/Anime+Seriallar/O'lim+Kundaligi/posters/card+post.jpg	https://f005.backblazeb2.com/file/seezntv/Anime+Seriallar/O'lim+Kundaligi/posters/triller.mp4	Intiho Kundaligi / O'lim Daftari	Death Note"  Tsugumi Ohba tomonidan yozilgan va Takeshi Obata tomonidan tasvirlangan yapon manga seriyasidir. U Shueisha'ning shnen manga jurnali Weekly Shnen Jumpda 2003 yil dekabrdan 2006 yil maygacha seriyalashtirilgan va uning boblari 12 ta tankbon hajmida toplangan.	12	2004-10-04	2024-08-04
18	https://f005.backblazeb2.com/file/seezntv/Multifilmlar/me4/desktop.jpg	https://f005.backblazeb2.com/file/seezntv/Multifilmlar/me4/card.jpg	https://f005.backblazeb2.com/file/seezntv/Multifilmlar/me4/card.jpg	https://f005.backblazeb2.com/file/seezntv/Multifilmlar/me4/Despicable+Me+4+-+Official+Trailer.mp4	Yaxshi Bo'lish Osonmi 4	Gru va Lyusi va ularning qizlari - Margo, Edit va Agnes - otasini qiynamoqchi bo'lgan Gru oilasining yangi a'zosi Gru Jr. Gru, shuningdek, Maksim Le Mal va uning qiz do'sti Valentinada yangi dushmanga duch keladi va oilani qochishga majbur qiladi.	6	2024-07-03	2024-08-13
19	https://f005.backblazeb2.com/file/seezntv/Anime+Filmlar/Kiki+Eltuv+xizmati/desktop+post.jpg	https://f005.backblazeb2.com/file/seezntv/Anime+Filmlar/Kiki+Eltuv+xizmati/mobile+post.jpg	https://f005.backblazeb2.com/file/seezntv/Anime+Filmlar/Kiki+Eltuv+xizmati/card+post.jpg	https://f005.backblazeb2.com/file/seezntv/Anime+Filmlar/Kiki+Eltuv+xizmati/triller.mp4	Kiki Eltuv Xizmati	13 yoshga to'lgan yosh jodugar Kiki odamlar orasida ma'lum vaqt yashashi kerak. Kiki, mushuk Jiji bilan birga shaharga boradi va u erda o'z biznesini boshlashga yordam beradigan yaxshi novvoy - favqulodda etkazib berish xizmati bilan tanishadi. Yangi ish Kiki-ni turli xil odamlar bilan tanishtiradi va yangi do'stlar orttirish va har xil fokuslar qilish imkoniyatini beradi.	4	1989-07-29	2024-08-14
21	https://f005.backblazeb2.com/file/seezntv/Anime+Filmlar/yozgi+arvoh/MV5BZGY5MjBmMWQtZDJiZi00MGUwLWE3MzYtM2YxOWVhYmE1MDA5XkEyXkFqcGdeQXVyOTc4OTAwMjU@._V1_.jpg	https://f005.backblazeb2.com/file/seezntv/Anime+Filmlar/yozgi+arvoh/Summer-Ghost-6-1024x530.jpg	https://f005.backblazeb2.com/file/seezntv/Anime+Filmlar/yozgi+arvoh/Summer.Ghost.1024.3225653.jpg	https://f005.backblazeb2.com/file/seezntv/Anime+Filmlar/yozgi+arvoh/triller.mp4	Yozgi Arvoh	Tomoya, Aoi va Ryo internet orqali tanishgan o'rta maktab o'quvchilari. Ularning uchtasi yozgi arvoh bilan uchrashishni rejalashtirmoqdalar, u otashinlarning yoritilishi bilan paydo bo'lgan yosh ayolning sharpasi.	13	2021-11-12	2024-08-16
23	https://f005.backblazeb2.com/file/seezntv/Multifilmlar/imperator+kusko+2/poster+desktop.jpg	https://f005.backblazeb2.com/file/seezntv/Multifilmlar/imperator+kusko+2/poster+mobile.jpg	https://f005.backblazeb2.com/file/seezntv/Multifilmlar/imperator+kusko+2/poster+card.jpg	https://f005.backblazeb2.com/file/seezntv/Multifilmlar/imperator+kusko+2/triller.mp4	Imperator Kusko 2	O'z kasbidan norozi bo'lgan otasini hayratda qoldirish uchun oshpaz Kronk sherigi bilan birgalikda reja tuzishga qaror qiladi. Ammo ular rejadagidek bo'lmaganda muammoga duch kelishadi.	6	2005-12-13	2024-08-19
24	https://f005.backblazeb2.com/file/seezntv/Xorij+Filmlar/alkimyogar/cards/poster+desktop.jpg	https://f005.backblazeb2.com/file/seezntv/Xorij+Filmlar/alkimyogar/cards/mobile+post.jpg	https://f005.backblazeb2.com/file/seezntv/Xorij+Filmlar/alkimyogar/cards/poster+card.jpg	https://f005.backblazeb2.com/file/seezntv/Xorij+Filmlar/alkimyogar/cards/triller.mp4	Polat Alkimyogar : Chandiqlining qasosi	Aka-uka Elriklar o'zlarining eng qiyin raqibi - peshonasida katta chandiq bo'lgan yolg'iz ketma-ket qotilni uchratishadi. Ular uni qo'lga olishga urinib, ba'zi bir alkimyogarlar haqida bir qator qorong'u sirlarni bilib olishadi	10	2022-05-20	2024-08-22
25	https://f005.backblazeb2.com/file/seezntv/Anime+Filmlar/Baki/desktop+post.jpg	https://f005.backblazeb2.com/file/seezntv/Anime+Filmlar/Baki/poster+mobile.jpeg	https://f005.backblazeb2.com/file/seezntv/Anime+Filmlar/Baki/card+poster.jpg	https://f005.backblazeb2.com/file/seezntv/Anime+Filmlar/Baki/triller.mp4	Baki Hanma Kengana Asuriga qarshi	Baki Xanma oz hayotini jangga bagishlagan va qudratli otasining izidan borishni istagan yigit. Toki Taouma eng kuchli jangchi bo'lishni xohlaydi. Ikki kishi yuzma-yuz kelishadi	14	2024-06-06	2024-08-30
26	https://f005.backblazeb2.com/file/seezntv/Multifilmlar/Xazinalar+sayyorasi/Posters/desktop.jpg	https://seezntv.s3.us-east-005.backblazeb2.com/Multifilmlar/Xazinalar+sayyorasi/Posters/mobile+poster.jpg	https://f005.backblazeb2.com/file/seezntv/Multifilmlar/Xazinalar+sayyorasi/Posters/poster+card.jpg	https://f005.backblazeb2.com/file/seezntv/Multifilmlar/Xazinalar+sayyorasi/Posters/triller.mp4	Xazinalar Sayyorasi	Bezovta o'smir kosmik kemada kabina bolasi sifatida koinot bo'ylab sayohat qiladi. Keyinchalik, u ishonchli do'sti aslida g'alayonli qaroqchi ekanligini aniqladi.	9	2002-11-27	2024-09-06
27	https://f005.backblazeb2.com/file/seezntv/Xorij+Filmlar/Jodu+saltanati+1/Posters/desktop-poster.jpg	https://f005.backblazeb2.com/file/seezntv/Xorij+Filmlar/Jodu+saltanati+1/Posters/mobile+poster.jpg	https://f005.backblazeb2.com/file/seezntv/Xorij+Filmlar/Jodu+saltanati+1/Posters/card+poster.jpg	https://f005.backblazeb2.com/file/seezntv/Xorij+Filmlar/Jodu+saltanati+1/Posters/triller.mp4	Jodu Saltanati 1 / Fantastic Beasts	Filmda yozuvchi Nyut Skamanderning Nyu-Yorkdagi jodugarlar va sehrgarlarning maxfiy jamiyatidagi sarguzashtlari hikoya qilinadi, Garri Potter maktabda ushbu yozuvchining kitobini o'qishidan 70 yil oldin sodir bo'lgan.	13	2016-11-18	2024-09-06
28	https://f005.backblazeb2.com/file/seezntv/Multifilmlar/Mahluqlar+Tatilda+1/posters/desktop+poster.jpg	https://f005.backblazeb2.com/file/seezntv/Multifilmlar/Mahluqlar+Tatilda+1/posters/mobile+poster.jpg	https://f005.backblazeb2.com/file/seezntv/Multifilmlar/Mahluqlar+Tatilda+1/posters/card+poster.jpg	https://f005.backblazeb2.com/file/seezntv/Multifilmlar/Mahluqlar+Tatilda+1/posters/triller.mp4	Maxluqlar Mehmonxonasi 1	Graf Drakula o'zi va sevimli qizi uchun begona ko'zlardan yashiringan mehmonxonani qurdi, u erda dunyoning turli burchaklaridagi hayvonlar oilaviy tashvishlardan, kundalik shovqin-surondan va, albatta ... odamlardan dam olishadi. Ammo hamma joyda uchraydigan amerikalik sayyohlar ham bu erga yo'l olishmoqda	8	2012-09-28	2024-09-08
30	https://f005.backblazeb2.com/file/seezntv/Anime+Filmlar/Yozgacha+tunnel/Poster/desktop+poster.jpg	https://f005.backblazeb2.com/file/seezntv/Anime+Filmlar/Yozgacha+tunnel/Poster/mobile+poster.jpg	https://f005.backblazeb2.com/file/seezntv/Anime+Filmlar/Yozgacha+tunnel/Poster/card.jpg	https://f005.backblazeb2.com/file/seezntv/Anime+Filmlar/Yozgacha+tunnel/Poster/triller.mp4	Yozgacha Tunel, Hayirlashuv Yakuni	Kaoru o'zini sirli tunnel oldida turganini ko'radi va besh yil oldin baxtsiz hodisada yo'qolgan singlisi Karen haqida o'ylaydi. Yangi transfer talabasi Anzu Hanashiro unga ergashadi va tunnel bilan tajriba o'tkazishda yordam berishga va'da beradi	8	2022-09-09	2024-09-12
31	https://f005.backblazeb2.com/file/seezntv/Multifilmlar/Turbo/poster/desktop+poster.jpg	https://f005.backblazeb2.com/file/seezntv/Multifilmlar/Turbo/poster/mobile+poster.jpg	https://f005.backblazeb2.com/file/seezntv/Multifilmlar/Turbo/poster/card+poster.jpg	https://f005.backblazeb2.com/file/seezntv/Multifilmlar/Turbo/poster/triller.mp4	Turbo	Ajoyib baxtsiz hodisadan keyin Turbo o'zini juda qobiliyatli deb biladi. U dunyodagi eng tezkor poyga - Indianapolis 500da qatnashishga qaror qiladi	0	2013-07-17	2024-09-13
32	https://f005.backblazeb2.com/file/seezntv/Xorij+Filmlar/Garri+poter+1/poster/desktop+poster.jpg	https://f005.backblazeb2.com/file/seezntv/Xorij+Filmlar/Garri+poter+1/poster/mobile+poster.jpg	https://f005.backblazeb2.com/file/seezntv/Xorij+Filmlar/Garri+poter+1/poster/card+poster.jpg	https://f005.backblazeb2.com/file/seezntv/Xorij+Filmlar/Garri+poter+1/poster/triller.mp4	Garri Potter 1 / Garri Potter va Hikmatlar toshi	Londonlik oddiy bola Garri Potter, 11 yoshida, u ikkita kuchli sehrgarning etim o'g'li ekanligini va o'zini sehrli kuchga ega ekanligini bilib oladi.Hogvarts jodugarlar va sehrgarlik maktabida Garri aql bovar qilmaydigan sarguzashtlarning bo'roniga tushib qoladi. U Quidditch - aerobatikani o'rganadi, jonli shaxmat buyumlari bilan ajoyib o'yin o'ynaydi, uni yo'q qilishni istagan Dark sehrgar bilan uchrashadi.	8	1997-06-26	2024-09-13
33	https://f005.backblazeb2.com/file/seezntv/Anime+Seriallar/Mahluq+bo'lib+qayta+tug'ilishim/posters/desktop+poster.jpg	https://f005.backblazeb2.com/file/seezntv/Anime+Seriallar/Mahluq+bo'lib+qayta+tug'ilishim/posters/card+poster.jpg	https://f005.backblazeb2.com/file/seezntv/Anime+Seriallar/Mahluq+bo'lib+qayta+tug'ilishim/posters/card+poster.jpg	https://f005.backblazeb2.com/file/seezntv/Anime+Seriallar/Mahluq+bo'lib+qayta+tug'ilishim/posters/triller.mp4	Mahluq Bo'lib Qayta Tug'ulishim / Re:monster	"Re:Monster" Tavsifi:\r\n\r\n "Mahluq Bo'lib Qayta Tug'ulishim"  bu ajoyib fantastika va sarguzasht janrida yaratilgan anime, unda asosiy qahramon Tomokazu o'ldirilgandan so'ng, yana bir bor tug'iladi, lekin bu safar monster sifatida! \r\n\r\n Qayta tug'ilish: Tomokazu o'z yangi hayotida maxluqot sifatida kuchlarini rivojlantiradi va o'zining ilgari bilmagan qobiliyatlarini kashf etadi. U o'zining harakatlari orqali dunyoni o'zgartirishga intiladi. \r\n\r\n Janglar va Sarguzashtlar: Anime jangovar sahnalar va qiziqarli kurashlar bilan to'la. Tomokazu va uning yangi do'stlari qiyinchiliklarga duch kelib, birgalikda kuchli dushmanlarga qarshi kurashishadi. \r\n\r\n O'ziga xos Duniya: "Mahluq Bo'lib Qayta Tug'ulishim" o'ziga xos va chuqur dunyo qurilishi bilan ajralib turadi. Maxluqotlar va insonlar o'rtasidagi munosabatlar, ijtimoiy tuzilmalar va ziddiyatlar juda qiziqarli. \r\n\r\n Sizni kutmoqda: Agar siz fantastika, jangovar sahnalar va qiziqarli sarguzashtlarni yoqtirsangiz, "Mahluq Bo'lib Qayta Tug'ulishim" sizni o'ziga tortadi! Keling, Tomokazuning yangi hayotiga qo'shiling va uning sarguzashtlarini kuzating! 	17	2024-04-02	2024-10-03
35	https://f005.backblazeb2.com/file/seezntv/Xorij+Filmlar/Mortal+kombat/posters/dekstop+poster.jpg	https://f005.backblazeb2.com/file/seezntv/Xorij+Filmlar/Mortal+kombat/posters/card+poster.jpg	https://f005.backblazeb2.com/file/seezntv/Xorij+Filmlar/Mortal+kombat/posters/card+poster.jpg	https://f005.backblazeb2.com/file/seezntv/Xorij+Filmlar/Mortal+kombat/posters/triller.mp4	Mortal Kombat	Mortal Kombat (2021) filmi, mashhur video o'yin seriyasiga asoslangan jangovar film sifatida 2021-yil 23-aprelda namoyish etildi. Bu film 1995-yildagi original filmdan yangilangan bo'lib, zamonaviy effektlar bilan taqdim etilgan.  Filmning syujeti, dunyodagi eng kuchli jangchilarni o'z ichiga olgan Mortal Kombat turnirida qizg'in janglar va kurashlarni aks ettiradi. Asosiy qahramon Cole Young (Lewis Tan) o'zining kelajakdagi taqdirini topishga harakat qiladi va Shao Kahn va uning tarafdorlari tomonidan tahdid ostida qolgan dunyoni himoya qilish uchun boshqa jangchilar bilan birlashadi. \r\n\r\nFilmda Liu Kang (Ludi Lin), Kung Lao (Max Huang), Raiden (Tadanobu Asano) va Scorpion (Hiroyuki Sanada) kabi tanilgan qahramonlar mavjud. Har bir qahramonning o'ziga xos qobiliyatlari bor, bu esa tomoshabinlarga qiziqarli sahnalarni taqdim etadi.  Film janglar, vizual effektlar va qiziqarli kurashlar bilan boyitilgan. Qonli janglar va tezkor harakatlar tomoshabinlarni jalb etadi.  "Mortal Kombat" 2021-yilgi filmi, jangovar sahnalar va qahramonlar o'rtasidagi munosabatlar bilan unutilmas tajriba taqdim etadi.  Bu film, g'azablangan jangchilar va qahramonlik haqidagi hikoyalar, shuningdek, Mortal Kombat dunyosining asosiy elementlarini o'z ichiga oladi. Tomoshabinlar uchun bu jangovar kino janrida yangi bir sahifa ochadi. 	12	2021-04-23	2024-10-04
36	https://f005.backblazeb2.com/file/seezntv/Anime+Seriallar/Murdalar+bazmi-+Jahannam+maktabi/posters/desktop+poster.jpg	https://f005.backblazeb2.com/file/seezntv/Anime+Seriallar/Murdalar+bazmi-+Jahannam+maktabi/posters/card+poster.jpg	https://f005.backblazeb2.com/file/seezntv/Anime+Seriallar/Murdalar+bazmi-+Jahannam+maktabi/posters/card+poster.jpg	https://f005.backblazeb2.com/file/seezntv/Anime+Seriallar/Murdalar+bazmi-+Jahannam+maktabi/posters/triller.mp4	Murdalar bazmi- Jahannam maktabi	Ingliz tilidan tarjima qilingan-Corpse Party: Tortured Souls - bu yaponiyalik Corpse Party video o'yiniga asoslangan to'rt epizodli OVA anime. U Corpse Party: Missing Footage OVA filmining davomi sifatida xizmat qiladi	16	2013-07-24	2024-10-04
37	https://f005.backblazeb2.com/file/seezntv/Xorij+Filmlar/Deadpool+3/posters/desktop+poster.jpg	https://f005.backblazeb2.com/file/seezntv/Xorij+Filmlar/Deadpool+3/posters/desktop+poster.jpg	https://f005.backblazeb2.com/file/seezntv/Xorij+Filmlar/Deadpool+3/posters/card+poster.jpg	https://f005.backblazeb2.com/file/seezntv/Xorij+Filmlar/Deadpool+3/posters/triller.mp4	Deadpool 3	"Deadpool & Wolverine"  bu 2024-yilda Marvel Comics asosidagi, Deadpool va Wolverine qahramonlarini o'z ichiga olgan Amerika filmi. Marvel Studios, Maximum Effort va 21 Laps Entertainment tomonidan ishlab chiqarilgan hamda Walt Disney Studios Motion Pictures tomonidan taqdim etilgan ushbu film Marvel Kino Olamining (MCU) 34-filmidir. Film Deadpool (2016) va Deadpool 2 (2018) filmlarining davomi hisoblanadi. Film rejissori Shawn Levy bolib, u ssenariyni Ryan Reynolds, Rhett Reese, Paul Wernick va Zeb Wells bilan birgalikda yozgan. Filmda Reynolds Wade Wilson/Deadpool va Hugh Jackman Logan / Wolverine rollarini ijro etishgan. Filmda Emma Corrin, Morena Baccarin, Rob Delaney, Leslie Uggams, Aaron Stanford va Matthew Macfadyen kabi aktyorlar ham ishtirok etishgan. Filmda Deadpool Time Variance Authority uning olamini yoq qilishga tayyorlanayotganini payqab qoladi hamda boshqa olamdan kelgan Wolverine bilan birgalikda ularni toxtatishga harakat qiladi	15	2024-07-25	2024-10-04
38	https://f005.backblazeb2.com/file/seezntv/Multifilmlar/emojilar/posters/desktop+poster.webp	https://f005.backblazeb2.com/file/seezntv/Multifilmlar/emojilar/posters/mobile+poster.webp	https://f005.backblazeb2.com/file/seezntv/Multifilmlar/emojilar/posters/emoji+card.jpg	https://f005.backblazeb2.com/file/seezntv/Multifilmlar/emojilar/posters/triller.mp4	Emojilar	Quvnoq qahramonlar 2017-yili ekranlarga chiqarilgan komedik janrdagi Amerika kompyuter-animatsion filmi bolib, Sony Pictures Animation studiyasi mahsuloti bolgan va Columbia Pictures tomonidan tarqatilgan	5	2017-07-28	2024-10-04
39	https://f005.backblazeb2.com/file/seezntv/Kino+Seriallar/Afsungar/posters/desktop+poster.jpg	https://f005.backblazeb2.com/file/seezntv/Kino+Seriallar/Afsungar/posters/mobile+poster.jpg	https://f005.backblazeb2.com/file/seezntv/Kino+Seriallar/Afsungar/posters/card+poster.jpg	https://f005.backblazeb2.com/file/seezntv/Kino+Seriallar/Afsungar/posters/triller.mp4	Afsungar / Merlin 1-Fasl	Afsungar  Julian Jones, Jake Michie, Johnny Capps va Julian Murphy tomonidan ishlab chiqilgan televizion serial. Loyiha BBC tomonidan ishlab chiqilgan va 2008-yil 20-sentabrda chiqarilgan. Serial afsonaviy sehrgar Merlin va Arthur bilan munosabati haqida Arthur siklining afsonalariga asoslangan	9	2008-09-01	2024-10-04
40	https://f005.backblazeb2.com/file/seezntv/Multifilmlar/Qahramonlar+shahri/posters/desktop+poster.jpg	https://f005.backblazeb2.com/file/seezntv/Multifilmlar/Qahramonlar+shahri/posters/card+poster-2.jpg	https://f005.backblazeb2.com/file/seezntv/Multifilmlar/Qahramonlar+shahri/posters/card+poster+copy.jpg	https://f005.backblazeb2.com/file/seezntv/Multifilmlar/Qahramonlar+shahri/posters/triller.mp4	Qahramonlar Shahri / Katta Qahramon 6	Big Hero 6  2014-yilda Walt Disney Animation Studios tomonidan ishlab chiqarilgan 3D kompyuter-animatsion superqahramonlik filmi	6	2014-11-07	2024-10-05
42	https://f005.backblazeb2.com/file/seezntv/Multifilmlar/Etik+Kigan+mushuk+2/posters/desktop+poster.jpg	https://f005.backblazeb2.com/file/seezntv/Multifilmlar/Etik+Kigan+mushuk+2/posters/card+image.jpg	https://f005.backblazeb2.com/file/seezntv/Multifilmlar/Etik+Kigan+mushuk+2/posters/card+image.jpg	https://f005.backblazeb2.com/file/seezntv/Multifilmlar/Etik+Kigan+mushuk+2/posters/triller.mp4	Etik Kiygan Mushuk 2 / So'ngi Tilak	"Etik kiygan mushuk 2"  bu muvaffaqiyatli birinchi qismining davomi. Filmda mushuk va uning do'stlari yangi sarguzashtlarga duch keladilar, kuchli dushmanlar bilan kurashadilar va qiziqarli sahnalarda hazil-mutoyinalar bilan to'lib-toshadi. Yangi qahramonlar ham qo'shiladi, bu esa hikoyani yanada rang-barang qiladi. Umuman olganda, film oilaviy ko'rish uchun kulgili va ma'rifiy sarguzashtdir. Agar birinchi qismini yoqtirgan bo'lsangiz, bu filmni ham albatta ko'rishingiz kerak!	6	2022-12-22	2024-10-07
43	https://f005.backblazeb2.com/file/seezntv/Kino+Seriallar/Qashqirlar+makoni/posters/mobile+poster.webp	https://f005.backblazeb2.com/file/seezntv/Kino+Seriallar/Qashqirlar+makoni/posters/desktop+poster.jpg	https://f005.backblazeb2.com/file/seezntv/Kino+Seriallar/Qashqirlar+makoni/posters/card+poster.jpg	https://f005.backblazeb2.com/file/seezntv/Kino+Seriallar/Qashqirlar+makoni/posters/Valley+of+the+Wolves+-+Episode+1+Trailer.mp4	Qashqirlar Makoni	"Qashqirlar vodisi"  O'zbekistonda mashhur televizion serial. U 2013-yilda chiqdi va tezda ko'plab tomoshabinlarni o'ziga tortdi. Serial qishloq hayoti, oilaviy munosabatlar va muhabbat atrofida rivojlanadi.\r\n\r\nAsosiy qahramonlar bir-biriga bog'langan muammolar va intrigalarga duch kelishadi. Serial o'zbek milliy an'analari va qadriyatlarini aks ettirib, tomoshabinlarga chuqur hissiyotlar taqdim etadi.\r\n\r\nUmuman olganda, "Qashqirlar vodisi" hayotiyligi va dramatik syujeti bilan ajralib turadi.	10	2003-06-15	2024-10-07
44	https://f005.backblazeb2.com/file/seezntv/Anime+Filmlar/Bola+va+Qush/posters/dekstop+poster.jpeg	https://f005.backblazeb2.com/file/seezntv/Anime+Filmlar/Bola+va+Qush/posters/mobile+poster.jpg	https://f005.backblazeb2.com/file/seezntv/Anime+Filmlar/Bola+va+Qush/posters/card+poster.jpg	https://f005.backblazeb2.com/file/seezntv/Anime+Filmlar/Bola+va+Qush/posters/triller.mp4	Bola va Qush	Studio Ghibli ishlab chiqargan yangi anime filmidir. Filmda, onasini yo'qotgan bir bola yangi joyga ko'chib o'tadi va g'alati sarguzashtlarga duch keladi.\r\n\r\nMiyazaki o'zining betakror vizual uslubida tabiat va fantastik elementlarni birlashtirib, hayot, sevgi va yo'qotish mavzularini chuqur va hissiy tarzda tasvirlaydi. Har bir kadr tomoshabinlarni o'ziga jalb qiladi va ichki dunyo haqida o'ylashga undaydi.\r\n\r\nUshbu film nafaqat bolalar, balki kattalar uchun ham birdek qiziqarli va ta'sirli. "The Boy and the Heron"  hayotning go'zalliklarini kashf etish va o'zimizni anglashga yordam beruvchi ajoyib bir asar!	13	2023-07-14	2024-10-09
41	https://f005.backblazeb2.com/file/seezntv/Xorij+Filmlar/Joker+2/posters/desktop+poster.jpg	https://f005.backblazeb2.com/file/seezntv/Xorij+Filmlar/Joker+2/posters/mobile+poster.jpg	https://f005.backblazeb2.com/file/seezntv/Xorij+Filmlar/Joker+2/posters/card+poster.jpg	https://f005.backblazeb2.com/file/seezntv/Xorij+Filmlar/Joker+2/posters/triller.mp4	Joker 2	Joker: Folie  Deux  triller film. 2019-yilda ishlangan Joker filmining davomi. Joaquin Phoenix DC Comics qahramoni Joker rolini, Lady Gaga esa Harley Quinn rolini oynaydi. Zazie Betz ham birinchi filmdagi rolini takrorlaydi. Film rejissyori Todd Phillips Scott Silver bilan hamkorlikda ssenariy muallifi hamdir	17	2024-10-04	2024-10-07
45	https://f005.backblazeb2.com/file/seezntv/Xorij+Filmlar/Ustasi+faranglar+/posters/desktop+poster.jpg	https://f005.backblazeb2.com/file/seezntv/Xorij+Filmlar/Ustasi+faranglar+/posters/mobile+poster.jpg	https://f005.backblazeb2.com/file/seezntv/Xorij+Filmlar/Ustasi+faranglar+/posters/card+poster.jpg	https://f005.backblazeb2.com/file/seezntv/Xorij+Filmlar/Ustasi+faranglar+/posters/triller.mp4	Ustasi Faranglar 1	"Ustasi Faranglar" - Sehr va Jinoyatning Sirli Dunyosi\r\n\r\n"Ustasi faranglar" - bu 2013-yilda chiqarilgan, sehrgarlik va jinoyat janrlaridagi hayajonli film. Rejissori Lui Leterrier bo'lgan ushbu filmda "The Four Horsemen" nomli to'rtta qobiliyatli sehrgar o'z chiqishlari orqali tomoshabinlarni chalg'itib, jinoyatlarni amalga oshirishadi.\r\n\r\nUlarning maqsadi  tomoshabinlarga ajoyib shoular taqdim etish orqali banklarni o'g'irlashdir. Biroq, bu jarayonda ularni FTB agenti Dylan Rhodes va xususiy detektiv Thaddeus Bradley kuzatadi. Filmda sirlar, kutilmagan voqealar va intrigalar orqali haqiqat va illuziya o'rtasidagi chiziq siljiydi.\r\n\r\n"Ustasi faranglar" - bu ajoyib vizual effektlar, murakkab plot twistlar va hayajonli sahnalar bilan to'la asar. Tomoshabinlarni o'ziga tortadigan sehrli va sirli voqealar orqali o'zaro munosabatlar va qiyinchiliklarga qarshi kurash ham kiritilgan	13	2013-05-31	2024-10-12
46	https://f005.backblazeb2.com/file/seezntv/Anime+Seriallar/Tanyaning+urush+yilnomalari/posters/dekstop+poster.jpg	https://f005.backblazeb2.com/file/seezntv/Anime+Seriallar/Tanyaning+urush+yilnomalari/posters/mobile+image.jpg	https://f005.backblazeb2.com/file/seezntv/Anime+Seriallar/Tanyaning+urush+yilnomalari/posters/card+image.jpg	https://f005.backblazeb2.com/file/seezntv/Anime+Seriallar/Tanyaning+urush+yilnomalari/posters/triller.mp4	Tanyaning Urush Yilnomalari	Tanyaning Urush Yilnomalari  bu fantastika va isekai janrida yaratilgan anime seriyasi. Hikoya, Birinchi Jahon Urushi davrida o'zini bir iqtisodchi sifatida tanitgan, ammo o'likdan so'ng boshqa bir olamda, kichik qizcha Tanya Degurechaffga aylangan odamning sarguzashtlarini kuzatadi. \r\n\r\nTanya, o'zining maxsus sehrli qobiliyatlari bilan birga, qurolli kuchlar safida jang qilishga majbur bo'ladi. U har doim hayotda muvaffaqiyatga erishish uchun, Xudo yoki "Mavjudlik" deb ataladigan qudratga qarshi kurashishga intiladi.  Seriya, Tanya va uning jangovar hamkasblarining kurashlari, strategiyalari va maqsadlari orqali kuchli dramani va qiziqarli harakat sahnalarini taqdim etadi. \r\n\r\nAnime, kuchli personajlar, qiziqarli voqealar va o'ziga xos dunyo qurilishi bilan ajralib turadi. Agar siz fantastik va jangovar anime sevuvchisi bo'lsangiz, "Tanyaning Urush Yilnomalari"ni albatta ko'rishingiz kerak! 	16	2017-01-06	2024-10-12
47	https://f005.backblazeb2.com/file/seezntv/Hind+Filmlari/3+savdoyi/posters/desktop-poster.jpg	https://f005.backblazeb2.com/file/seezntv/Hind+Filmlari/3+savdoyi/posters/mobile+poster.webp	https://f005.backblazeb2.com/file/seezntv/Hind+Filmlari/3+savdoyi/posters/card+poster.jpg	https://f005.backblazeb2.com/file/seezntv/Hind+Filmlari/3+savdoyi/posters/triller.mp4	3 Savdoyi	"3 Savdoyi"  2009-yilda Rajkumar Hirani tomonidan suratga olingan hind filmi. Film uch do'st, Rancho, Farhan va Raju, savdo va tadbirkorlik olamida o'z orzulari va ta'lim tizimining bosimi o'rtasida kurashishini hikoya qiladi. Ular o'z qiziqishlariga amal qilib, muvaffaqiyatga erishish uchun harakat qiladilar. Film ijtimoiy masalalar, do'stlik, o'z-o'zini anglash va savdoda muvaffaqiyatga erishish kabi mavzularni o'rganadi. "3 Savdoyi" nafaqat kulgili, balki ta'sirli xabarlar bilan to'la bo'lib, tomoshabinlarni o'z hayotlarini qayta ko'rib chiqishga undaydi.	12	2009-12-25	2024-10-15
48	https://f005.backblazeb2.com/file/seezntv/Xorij+Filmlar/Jannat+onalar+oyogi+ostida/posters/card+1.png	https://f005.backblazeb2.com/file/seezntv/Xorij+Filmlar/Jannat+onalar+oyogi+ostida/posters/card+poster.jpg	https://f005.backblazeb2.com/file/seezntv/Xorij+Filmlar/Jannat+onalar+oyogi+ostida/posters/card+poster.jpg	https://f005.backblazeb2.com/file/seezntv/Xorij+Filmlar/Jannat+onalar+oyogi+ostida/posters/Jannat_onalar_oyog'i_ostida_treyler_%7C____.mp4	Jannat Onalar Oyog'i Ostida	"Jannat onalar oyog'i ostida"  2023-yilda chiqarilgan film, o'z ona va onalarning hayoti, ularning qiyinchiliklari va sevgisi haqida hikoya qiladi.  Filmda, onalar o'z farzandlari uchun qanday fidoiylik ko'rsatishi va ularning hayotidagi ahamiyati ko'rsatiladi.\r\n\r\nAsosiy qahramonlar o'z onalari orqali hayotdagi sinovlar va qiyinchiliklarni yengib o'tishga harakat qiladilar.  Film, onalarining mehrini va ularning farzandlari uchun qilgan sa'y-harakatlarini qadriga yetishga undaydi.\r\n\r\nHissiy sahnalar va ta'sirchan dialoglar orqali tomoshabinlar oila va mehr-oqibatning ahamiyatini his etishadi.  "Jannat onalar oyog'i ostida"  bu film, onalarning qadrini bilish va ularga minnatdorchilik bildirish zarurligini eslatadigan hissiy va ma'rifiy bir asardir.	12	2023-11-30	2024-10-15
49	https://f005.backblazeb2.com/file/seezntv/Xorij+Filmlar/Platforma+2/posters/desktop+poster.jpg	https://f005.backblazeb2.com/file/seezntv/Xorij+Filmlar/Platforma+2/posters/card+poster.jpg	https://f005.backblazeb2.com/file/seezntv/Xorij+Filmlar/Platforma+2/posters/card+poster.jpg	https://f005.backblazeb2.com/file/seezntv/Xorij+Filmlar/Platforma+2/posters/triller.mp4	Platforma 2	"Platforma 2" - Fantastika , Triller , Psixologik Drama \r\n\r\nFilm, ijtimoiy tengsizliklar va insoniy qiyinchiliklarni o'rganadigan kuchli hikoya. Qahramonlar, o'z maqsadlari yo'lida duch kelgan to'siqlarni yengishga harakat qiladilar va murakkab ijtimoiy tizimlar ichida o'z o'rnini topishga intiladilar. Qiziqarli syujet, kutilmagan voqealar va vizual tasvirlar tomoshabinlarni oxirigacha qiziqtirib turadi. Film, ijtimoiy adolat  va inson huquqlari  kabi mavzularni chuqur o'rganadi, tomoshabinlarga o'z hayotlari haqida fikr yuritishga undaydi	18	2024-10-04	2024-10-15
51	https://f005.backblazeb2.com/file/seezntv/Anime+Seriallar/Vada+qilingan+neverlend/1-fasl/posters/desktop-poster+(1).jpg	https://f005.backblazeb2.com/file/seezntv/Anime+Seriallar/Vada+qilingan+neverlend/1-fasl/posters/mobile+poster.jpeg	https://f005.backblazeb2.com/file/seezntv/Anime+Seriallar/Vada+qilingan+neverlend/1-fasl/posters/card+poster.jpg	https://f005.backblazeb2.com/file/seezntv/Anime+Seriallar/Vada+qilingan+neverlend/1-fasl/posters/Promised-Neverland-Fan-Made-Trailer.mp4	Va'da Qilingan Neverlend 1-fasl	"Vada qilingan Neverland" anime va manga seriyasida "Neverland" nomi sirli va qo'rqinchli bir joyni ifodalaydi.  Bu joy bolalarning qochish rejalari va yangi hayot uchun umidlarini simvolizatsiya qiladi.  Asosiy qahramonlar "Neverland"ni erkinlik va xavfsizlikni anglatadigan joy sifatida tasavvur qilishadi. Ularning maqsadi  haqiqiy hayotga, ya'ni qulay va xavfsiz bir joyga erishishdir. Bu nom, shuningdek, bolalarning umidlarini va kelajaklari uchun kurashlarini ifodalaydi. 	12	2019-01-11	2024-10-15
52	https://f005.backblazeb2.com/file/seezntv/Multifilmlar/uy+hayvonlari+sirli+hayoti+1/posters/desktop+poster.jpg	https://f005.backblazeb2.com/file/seezntv/Multifilmlar/uy+hayvonlari+sirli+hayoti+1/posters/card+poster+(1).jpg	https://f005.backblazeb2.com/file/seezntv/Multifilmlar/uy+hayvonlari+sirli+hayoti+1/posters/card+poster+(1).jpg	https://f005.backblazeb2.com/file/seezntv/Multifilmlar/uy+hayvonlari+sirli+hayoti+1/posters/triller.mp4	Uy Hayvonlarining Sirli Hayoti 1	 Hayvonlarning yashirin hayoti (The Secret Life of Pets) - 2016 yilda chiqarilgan ajoyib animatsion film! \r\n\r\nUshbu filmda uy hayvonlari odamlar uyda yo'q paytda qanday hayot kechirishini ko'ramiz. Max , o'zining eng yaxshi do'sti va boshqa hayvonlar bilan qiziqarli sarguzashtlarga chiqadi. \r\n\r\nKulgili va rang-barang sahnalar bilan to'la bu film, bolalar va oila uchun mo'ljallangan.  6 yosh va undan kattalar uchun tavsiya etiladi. Film do'stlik va sadoqat haqida muhim xabarlar beradi. \r\n\r\nKeling, hayvonlarning sirli va qiziqarli hayotiga birga sho'ng'iylik! 	8	2016-07-08	2024-10-16
53	https://f005.backblazeb2.com/file/seezntv/Hind+Filmlari/Gajjini+Qasos/desktop+poster.jpg	https://f005.backblazeb2.com/file/seezntv/Hind+Filmlari/Gajjini+Qasos/mobile+poster.jpg	https://f005.backblazeb2.com/file/seezntv/Hind+Filmlari/Gajjini+Qasos/card+poster.jpg	https://f005.backblazeb2.com/file/seezntv/Hind+Filmlari/Gajjini+Qasos/Ghajini+%7C+Official+Trailer.mp4	Qasos / Gajini	'Ghajini' filmi hind kino tarixida muhim o'rin tutadi.  A.R. Murugadoss tomonidan rejissyorlik qilingan va Aamir Khan, Asin, va Jiah Khan rol o'ynagan.  Filmning syujeti, xotirasini yo'qotgan bir odam, Sanjay Singhania (Aamir Khan) atrofida aylanadi. U o'z sevgilisi, Kalpana (Asin), juda ayanchli tarzda o'ldirilgani uchun qasos olish maqsadida kurashadi.  Film hekayasi ko'plab qiziqarli burilishlar va dramalar bilan to'ldirilgan. 'Ghajini'ning diqqatga sazovor jihatlaridan biri, Sanjayning xotira yo'qotishi va u qasos olish uchun boshqa odamlar yordamida o'z xotiralarini eslab qolishga harakat qilishi.  Film kuchli drama, aksiyon sahnalari va hissiy otashni o'zida mujassam etadi.  'Ghajini' nafaqat kasb-hunar jihatdan, balki tijorat jihatdan ham muvaffaqiyat qozondi. 	12	2008-12-25	2024-10-18
54	https://f005.backblazeb2.com/file/seezntv/Multifilmlar/Jahildor+qushlar/post+jahildor+qushlar/card+2.jpg	https://f005.backblazeb2.com/file/seezntv/Multifilmlar/Jahildor+qushlar/post+jahildor+qushlar/card+2.jpg	https://f005.backblazeb2.com/file/seezntv/Multifilmlar/Jahildor+qushlar/post+jahildor+qushlar/card+poster.jpg	https://f005.backblazeb2.com/file/seezntv/Multifilmlar/Jahildor+qushlar/post+jahildor+qushlar/triller.mp4	Jahildor Qushlar 1	Parvozsiz qushlar yashaydigan tropik orolda quvonch va baxt muhiti hukm surmoqda. Qizil Qushlarning Qizilligi bolaligidan o'zini begonadek his qilar edi, shuning uchun endi u atrofdagi voqelikka mos kelmasligi va umumbashariy nekbinlikni baham ko'rmasligi ajablanarli emas. Bir marta yashil cho'chqalar jannat oroliga yetib kelishsa va samimiy qushlar ularni samimiy kutib olishadi, lekin qizillardan boshqa hech kim cho'chqalarning shafqatsizligi haqida xabar bermaydi.	6	2016-05-20	2024-10-26
56	https://f005.backblazeb2.com/file/seezntv/Multifilmlar/Pakana+burunboy/posters/card+poster.jpg	https://f005.backblazeb2.com/file/seezntv/Multifilmlar/Pakana+burunboy/posters/card+1.jpg	https://f005.backblazeb2.com/file/seezntv/Multifilmlar/Pakana+burunboy/posters/card+poster.jpg	https://f005.backblazeb2.com/file/seezntv/Multifilmlar/Pakana+burunboy/posters/triller.mp4	Pakana Burunboy	Yoqub va malika Greta yovuz jodugar tomonidan la'natlangan; u Yoqubni xunuk mittiga aylantiradi va Gretani g'ozga aylantiradi. Birgalikda Yoqub va Greta kuchlarini birlashtiradi va jodugarga saboq beradi	6	2003-03-20	2024-10-27
59	https://f005.backblazeb2.com/file/seezntv/Xorij+Filmlar/jodu+saltanati+2/posters/desktop-poster.jpg	https://f005.backblazeb2.com/file/seezntv/Xorij+Filmlar/jodu+saltanati+2/posters/mobile+poster.jpg	https://f005.backblazeb2.com/file/seezntv/Xorij+Filmlar/jodu+saltanati+2/posters/card+poster.jpg	https://f005.backblazeb2.com/file/seezntv/Xorij+Filmlar/jodu+saltanati+2/posters/triller.mp4	Jodu Saltanati 2	Gellert Grindelvald sehrli bo'lmagan mavjudotlarni boshqarish uchun sehrgarlar armiyasini yaratishni rejalashtirmoqda. Bunga javoban Nyut Skamanderning sobiq professori Albus Dambldor uni to'xtatish uchun undan yordam so'raydi.	12	2016-11-16	2024-10-27
57	https://f005.backblazeb2.com/file/seezntv/Xorij+Filmlar/Venom+3/venom+poster/card+poster.png	https://f005.backblazeb2.com/file/seezntv/Xorij+Filmlar/Venom+3/venom+poster/desktop+poster.jpg	https://f005.backblazeb2.com/file/seezntv/Xorij+Filmlar/Venom+3/venom+poster/card+poster.png	https://f005.backblazeb2.com/file/seezntv/Xorij+Filmlar/Venom+3/venom+poster/triller.mp4	Venom 3 : So'ngi Raqs	Eddi Brok va Venom halokatli qaror qabul qilishlari kerak, chunki ularni sirli harbiy odam va Venoms uy olamidan begona hayvonlar ta'qib qilishadi.	13	2024-10-24	2024-10-27
58	https://f005.backblazeb2.com/file/seezntv/Multifilmlar/Alauddin/post+alauddin/dekstop+poster.jpeg	https://f005.backblazeb2.com/file/seezntv/Multifilmlar/Alauddin/post+alauddin/mobile+poster.jpg	https://f005.backblazeb2.com/file/seezntv/Multifilmlar/Alauddin/post+alauddin/card+poster.jpg	https://f005.backblazeb2.com/file/seezntv/Multifilmlar/Alauddin/post+alauddin/triller.mp4	Alovuddin 1	Mehribon ko'cha kirpisi va kuchga chanqoq Buyuk Vazir o'zlarining eng chuqur tilaklarini amalga oshirishga qodir sehrli chiroq uchun kurashmoqda. Mehribon kocha kirpisi va kuchga chanqoq Buyuk Vazir ozlarining eng chuqur tilaklarini royobga chiqarishga qodir bolgan sehrli chiroq uchun kurashmoqda.	3	1992-11-25	2024-10-27
60	https://f005.backblazeb2.com/file/seezntv/Multiseriallar/Rik+va+morty/1-fals/posters/desktop+poster.jpg	https://f005.backblazeb2.com/file/seezntv/Multiseriallar/Rik+va+morty/1-fals/posters/mobile+poster.jpg	https://f005.backblazeb2.com/file/seezntv/Multiseriallar/Rik+va+morty/1-fals/posters/card+poster.jpg	https://f005.backblazeb2.com/file/seezntv/Multiseriallar/Rik+va+morty/1-fals/posters/triller.mp4	Rik va Morti 1-Fasl	"Rick va Morty" 1-faslida ko'plab kulgili va g'ayrioddiy sarguzashtlar mavjud.  Pilot epizodda Rick va Morty birinchi galaktik sayohatlarini boshlashadi, bu ularning sarguzashtlari uchun eshikka aylanadi.  "Lawnmower Dog" epizodida Rick Mortyning itini aqlli qilish uchun eksperiment qiladi, natijalar esa kutilmagan va kulgili bo'ladi.  "Meeseeks and Destroy"da Rickning yaratuvchilari  Meeseekslar o'z maqsadlariga erishish uchun harakat qilishadi, bu esa qiziqarli vaziyatlarni keltirib chiqaradi.  "Total Rickall" epizodida oila ichida yashirin personajlar bilan to'qnashuvlar kutilmagan burilishlarga olib keladi.  Nihoyat, "Ricksy Business"da Rick va Morty uyni partiyaga aylantirishadi, natijada ko'plab komik vaziyatlar yuzaga keladi.  Bu sarguzashtlar tomoshabinni kuldirish bilan birga, chuqur ijtimoiy izlanishlarni ham taqdim etadi. 	18	2013-11-02	2024-10-28
61	https://f005.backblazeb2.com/file/seezntv/Xorij+Filmlar/jodu+saltanati+3/posters/desktop+poster.jpg	https://f005.backblazeb2.com/file/seezntv/Xorij+Filmlar/jodu+saltanati+3/posters/mobile+poster.jpg	https://f005.backblazeb2.com/file/seezntv/Xorij+Filmlar/jodu+saltanati+3/posters/card+poster.jpg	https://f005.backblazeb2.com/file/seezntv/Xorij+Filmlar/jodu+saltanati+3/posters/triller.mp4	Jodu Saltanati 3	Professor Albus Dambldor kuchli qorong'u sehrgar Gellert Grindelvald dunyoni egallashni rejalashtirayotganini bilib oladi. Dambldor uni yolg'iz to'xtata olmasligini tushunib, magizoolog Nyut Skamanderdan ajoyib sehrgarlar jamoasi va bitta jasur magl novvoyiga rahbarlik qilishni so'raydi. Oldinda ularni nihoyatda xavfli sarguzashtlar kutmoqda, ular eski va yangi sehrli mavjudotlar bilan uchrashadilar va tobora kuchayib borayotgan Grindelvald tarafdorlariga qarshi kurashadilar. Ammo Dambldorning o'zi uchun bu missiyada qanday rol tayyor	13	2022-04-08	2024-10-28
62	https://f005.backblazeb2.com/file/seezntv/Multifilmlar/Nimona/desktop+poster.jpg	https://f005.backblazeb2.com/file/seezntv/Multifilmlar/Nimona/mobile+poster.jpg	https://f005.backblazeb2.com/file/seezntv/Multifilmlar/Nimona/card+poster.jpg	https://f005.backblazeb2.com/file/seezntv/Multifilmlar/Nimona/Nimona-Official-Trailer-Netflix.mp4	Nimona	Ritsar o'zi qilmagan jinoyati uchun jazoga tortiladi va unga o'zining aybsizligini isbotlashda yordam bera oladigan yagona odam Nimona, shakli o'zgargan o'smir, u o'ldirishga qasam ichgan yirtqich hayvon ham bo'lishi mumkin.	11	2023-06-23	2024-10-30
63	https://f005.backblazeb2.com/file/seezntv/Xorij+Filmlar/Qora+minora/desktop+poster.jpg	https://f005.backblazeb2.com/file/seezntv/Xorij+Filmlar/Qora+minora/mobile+poster.jpg	https://f005.backblazeb2.com/file/seezntv/Xorij+Filmlar/Qora+minora/card+poster.jpg	https://f005.backblazeb2.com/file/seezntv/Xorij+Filmlar/Qora+minora/triller.mp4	Qora Minora	Bizning dunyomiz faqat bitta narsa emas. Roland Diskanening qasam ichgan dushmanlari, otishmalar tartibining so'nggi vakili va Uolter sog'liqDim, shuningdek, "Qora rangdagi odam" deb nomlanuvchi, abadiy kurash olib borishgan. Afsonaviy Dark Tower xavf ostida, koinotning so'nggi poydevori va umididir, ularsiz dunyo to'liq tartibsizlik va vayronagarchilikka duchor bo'ladi. Yaxshilik va yovuzlik kuchlari so'nggi jangda to'qnashadi, chunki Roland Disney - qorong'u minorani vayron qilishdan oldin qora rangdagi odamni to'xtata oladigan yagona odam	15	2017-07-31	2024-10-30
64	https://f005.backblazeb2.com/file/seezntv/Xorij+Filmlar/Narniya/1-film/narniya+poster/desktop+poster.jpg	https://f005.backblazeb2.com/file/seezntv/Xorij+Filmlar/Narniya/1-film/narniya+poster/mobile+poster.jpg	https://f005.backblazeb2.com/file/seezntv/Xorij+Filmlar/Narniya/1-film/narniya+poster/card+poster.jpg	https://f005.backblazeb2.com/file/seezntv/Xorij+Filmlar/Narniya/1-film/narniya+poster/The-Chronicles-of-Narnia-The-Lion-the-Witch-and-the-Wardrobe.mp4	Narniya Saltanati 1	Ota-onalar to'rt bolani Londondan qishloqqa, eski professorga - oilaning do'stiga yuboradilar. Uning uyida bolalar sirli shkafni kashf etadilar, ular orqali ajoyib Narniya mamlakatiga kirishadi, u erda hayvonlar, hayvonlar va jonzotlar yashaydi.\r\n\r\nMa'lum bo'lishicha, bu tinch mamlakatni yovuz sehrgar boshqaradi, chunki u erda abadiy qish bo'ladi. Bolalar qirol Aslanga (ko'p asrlar ilgari Narniyani asos solgan Buyuk Leo) sehrgarni engishga, afsunlarni yo'q qilishga va Narniya aholisini ozod qilishga yordam berishlari kerak	6	2005-11-08	2024-10-31
65	https://f005.backblazeb2.com/file/seezntv/Xorij+Filmlar/interstellar/Interstellar+poster/desktop+poster.jpg	https://f005.backblazeb2.com/file/seezntv/Xorij+Filmlar/interstellar/Interstellar+poster/mobile+poster.jpg	https://f005.backblazeb2.com/file/seezntv/Xorij+Filmlar/interstellar/Interstellar+poster/card+poster.jpg	https://f005.backblazeb2.com/file/seezntv/Xorij+Filmlar/interstellar/Interstellar+poster/triller.mp4	Interstellar	Qurg'oqchilik insoniyatni oziq-ovqat inqiroziga olib kelganda, tadqiqotchilar va olimlar jamoasi insoniyat kosmosiga sayohat qilishda oldingi cheklovlarni engib o'tish va insoniyatni boshqa sayyoraga ko'chirish uchun sayohatga bo'rsiq orqali (go'yo kosmik vaqt mintaqalarini uzoq masofani bog'laydi) sayohat qilishmoqda.	13	2014-10-26	2024-11-01
66	https://f005.backblazeb2.com/file/seezntv/Xorij+Filmlar/Narniya/2-film/narniya+poster/desktop+poster.jpg	https://f005.backblazeb2.com/file/seezntv/Xorij+Filmlar/Narniya/2-film/narniya+poster/mobile+poster.jpg	https://f005.backblazeb2.com/file/seezntv/Xorij+Filmlar/Narniya/2-film/narniya+poster/card+poster.jpg	https://f005.backblazeb2.com/file/seezntv/Xorij+Filmlar/Narniya/2-film/narniya+poster/card+poster.mp4	Narniya Saltanati 2	Angliyada juda oz vaqt va Narniyada asrlar o'tdi. Mamlakat yovuz shoh Mirazning bo'yinturug'ida. Ammo sehrli shohlikda umid bor - yosh shahzoda Kaspiy. Kaspiyga taxtni qaytarib olishga yordam berish uchun to'rtta qahramon Narniyaning asoschisi va homiysi Aslan boshchiligidagi afsonaviy mavjudotlarning armiyasini to'playdilar	13	2008-05-16	2024-11-01
34	https://f005.backblazeb2.com/file/seezntv/Xorij+Filmlar/Karib+dengizi+qaroqchilari/Posters/dekstop+poster.webp	https://f005.backblazeb2.com/file/seezntv/Xorij+Filmlar/Karib+dengizi+qaroqchilari/Posters/mobile+poster.jpg	https://f005.backblazeb2.com/file/seezntv/Xorij+Filmlar/Karib+dengizi+qaroqchilari/Posters/card+poster+new.jpg	https://f005.backblazeb2.com/file/seezntv/Xorij+Filmlar/Karib+dengizi+qaroqchilari/Posters/triller.mp4	Karib Dengizi Qaroqchilari: Qora Marvarid la'nati	Karib dengizi qaroqchilari: Qora marvarid (2003) \r\n\r\nQaroqchi kapitan Jek Sparrow (Jonny Depp) o'zining eski kemasini qaytarishga harakat qiladi, lekin Elizabeth Swann (Keira Knightley) qaroqchilar tomonidan qo'lga olinganidan so'ng, u uni qutqarish uchun jangga kiradi. Filmda do'stlik, sadoqat va qaroqchilar hayoti tasvirlangan. Ajoyib jang sahnalari, fantastik manzaralar va Hans Zimmerning musiqasi bilan birga, bu film zamonaviy klassikaga aylangan. 	13	2003-07-09	2024-10-04
50	https://f005.backblazeb2.com/file/seezntv/Xorij+Filmlar/karib+dengizi+qaroqchilari+2/dekstop+poster.webp	https://f005.backblazeb2.com/file/seezntv/Xorij+Filmlar/karib+dengizi+qaroqchilari+2/mobile+poster.jpg	https://f005.backblazeb2.com/file/seezntv/Xorij+Filmlar/karib+dengizi+qaroqchilari+2/card+poster.jpg	https://f005.backblazeb2.com/file/seezntv/Xorij+Filmlar/karib+dengizi+qaroqchilari+2/triller.mp4	Karib Dengizi Qaroqchilari: O'likning sandig'i	Albatta! "Karib Dengiz Qaroqchilari 2: Oltin G'oz" filmida ta'sirli sahnalar, jozibador musiqalar va harakatga boy sarguzashtlar mavjud. \r\n\r\nFilmda Jack Sparrowning shaxsiyati, u bilan birga Elizabeth va Willning o'zaro munosabatlari muhim rol o'ynaydi.  Davy Jonesning g'ayrioddiy ko'rinishi va uning qahramonlari filmga qo'shimcha dramatik tuyg'u beradi.\r\n\r\nMistika va xavfga to'la orollar, kuchli dengiz janglari  filmning asosiy unsurlaridan biridir. Ushbu film, shuningdek, hikoyaning davomiyligi va qahramonlarning o'zgarishi bilan ham mashhur. \r\n\r\nTa'sirli sahnalar, chiroyli kadrlar va kuchli syujet "Karib Dengiz Qaroqchilari 2"ni zamonaviy sarguzasht kinolaridan biriga aylantiradi. Agar filmga qo'yadigan bo'lsangiz, juda ko'p qiziqarli va qiziqarli momentlarni kutishingiz mumkin! 	12	2006-07-07	2024-10-15
67	https://f005.backblazeb2.com/file/seezntv/Xorij+Filmlar/Karib+dengizi+qaroqchilari+3/mobile+poster.jpg	https://f005.backblazeb2.com/file/seezntv/Xorij+Filmlar/Karib+dengizi+qaroqchilari+3/desktop+poster.jpg	https://f005.backblazeb2.com/file/seezntv/Xorij+Filmlar/Karib+dengizi+qaroqchilari+3/card+poster.jpg	https://f005.backblazeb2.com/file/seezntv/Xorij+Filmlar/Karib+dengizi+qaroqchilari+3/triller.mp4	Karib Dengizi Qaroqchilari: Dunyolar Oxiri	"Karib Dengizi Qaroqchilari: Dunyolar Oxiri"   "Karib Dengizi Qaroqchilari" trilogiyasining uchinchi qismi bo'lib, sarguzasht va dramatik voqealar bilan boyitilgan. Bu filmda kapitan Jek Sparrou , Uill Tyorner  va Elizabet Suon  kuchlarini birlashtirib, dunyoning eng kuchli qaroqchi kapitani va Sharq Hindiston savdo kompaniyasining kuchlariga qarshi kurashadi. Bu safar ularning maqsadi dengizlarning erkinligini himoya qilish va jahon savdosiga tahdid soluvchi kuchlarni to'xtatishdir. Film tomoshabinlarga ajoyib jang sahnalari, mistik kuchlar  va xiyonat bilan to'ldirilgan hayajonli voqealarni taqdim etadi.	13	2007-05-24	2024-11-03
68	https://f005.backblazeb2.com/file/seezntv/Xorij+Filmlar/Afsungar/Afsungar+poster/desktop+poster.jpg	https://f005.backblazeb2.com/file/seezntv/Xorij+Filmlar/Afsungar/Afsungar+poster/mobile+poster.jpg	https://f005.backblazeb2.com/file/seezntv/Xorij+Filmlar/Afsungar/Afsungar+poster/card+poster.jpg	https://f005.backblazeb2.com/file/seezntv/Xorij+Filmlar/Afsungar/Afsungar+poster/triller.mp4	Afsungar	"Afsungar"   rejissor Kristofer Nolan tomonidan suratga olingan sirli va dramatik jangari film. Filmda 19-asr oxirlaridagi Londonda yashovchi ikki raqobatchi fokuschi haqida hikoya qilinadi. Robert Enjyer va Alfred Bordjen  do'stlik va hamkasblikdan yiroqlashib, bir-birining sirlari va fokuslarini ochishga urinishadi. Har ikkisi ham o'zlarini dunyodagi eng yaxshi fokuschi sifatida tanitishga intilib, tobora murakkab va xavfli fokuslarni bajarishga kirishadilar .\r\n\r\nKristofer Nolan o'ziga xos hikoya tuzilmasi va vizual texnikasi bilan tomoshabinlarni raqobat, xiyonat va intiqomning qorong'u tomonlariga sayohatga olib boradi . Film yulduzlar Kristian Beyl, Hyu Jekman, Maykl Keyn va Skarlett Yohansson kabi aktyorlarning kuchli ijrosi bilan yanada boyigan .	13	2006-10-20	2024-11-09
69	https://f005.backblazeb2.com/file/seezntv/Xorij+Filmlar/Oppengeymer/desktop+poster.jpg	https://f005.backblazeb2.com/file/seezntv/Xorij+Filmlar/Oppengeymer/mobile+poster.jpg	https://f005.backblazeb2.com/file/seezntv/Xorij+Filmlar/Oppengeymer/card+poster.jpg	https://f005.backblazeb2.com/file/seezntv/Xorij+Filmlar/Oppengeymer/triller.mp4	Oppengeymer	Oppenheimer   dunyo tarixidagi eng yirik ilmiy-texnik loyihalardan biri bo'lgan atom bombasini yaratgan ilm-fan olimi J. Robert Oppenheimerning hayoti haqida dramatik hikoya . Bu filmda insoniyat tarixini o'zgartirgan kashfiyot ortidagi shaxsning aqliy va hissiy iztiroblari , axloqiy tanlovlari va bu tanlovlarning global oqibatlari  yoritiladi. Atom bombasi loyihasi  hamda Oppenheimerning siyosiy va shaxsiy to'qnashuvlari orqali film ilm-fanning kuchini va u bilan bog'liq murakkab masuliyatni yoritadi . Film jangari va tarixiy elementlar bilan boyitilgan bo'lib, tomoshabinlarni chuqur o'ylashga undaydi .	15	2023-07-21	2024-11-10
72	https://f005.backblazeb2.com/file/seezntv/Xorij+Filmlar/Garri+poter+serias/Alanga+kubigi/full+poster.jpg	https://f005.backblazeb2.com/file/seezntv/Xorij+Filmlar/Garri+poter+serias/Alanga+kubigi/full+poster.jpg	https://f005.backblazeb2.com/file/seezntv/Xorij+Filmlar/Garri+poter+serias/Alanga+kubigi/card+poster+2.jpg	https://f005.backblazeb2.com/file/seezntv/Xorij+Filmlar/Garri+poter+serias/Alanga+kubigi/Harry-Potter-and-the-Goblet-of-Fire-Official-Trailer.mp4	Garri Potter 4 / Garri Potter va Alanga kubogi	"Garri Potter va Alanga kubogi" (Harry Potter and the Goblet of Fire)  Garri Potterning hayotidagi eng xavfli va qiziqarli davrni tasvirlaydigan film. \r\n\r\nHogvortsda "Uch sehrgar turniri" otkaziladi, va Garri ozi xohlamagan holda musobaqaga qatnashadi.  Jangovar va sehrli testlar Garri va uning dostlarini qattiq sinovdan otkazadi, lekin yakunida ular qotil sehrgar Lord Voldemortga qarshi kurashga majbur boladilar. \r\n\r\nFilm, sehr, xavf va dostlikni korsatib, "Garri Potter" seriyasining muhim qismiga aylangan. 	13	2005-11-18	2024-11-11
71	https://f005.backblazeb2.com/file/seezntv/Xorij+Filmlar/Garri+potter/2-film/full+poster.jpg	https://f005.backblazeb2.com/file/seezntv/Xorij+Filmlar/Garri+potter/2-film/full+poster.jpg	https://f005.backblazeb2.com/file/seezntv/Xorij+Filmlar/Garri+potter/2-film/card+poster.jpg	https://f005.backblazeb2.com/file/seezntv/Xorij+Filmlar/Garri+potter/2-film/triller.mp4	Garri Potter 2 / Garri Potter va Maxfiy hujra	"Garri Potter va Maxfiy Hujra" (Harry Potter and the Chamber of Secrets)  J.K. Rowlingning mashhur "Garri Potter" seriyasining ikkinchi filmi bo'lib, 2002-yilda chiqarilgan. Filmda Garri Potter o'zining ikkinchi o'quv yilini Hogvorts maktabida boshlaydi. U va uning do'stlari Ron Uizli va Hermiona Grendjer yangi sarguzashtlarga duch kelishadi, chunki maktabda sirli hodisalar yuz beradi: o'quvchilarni hayvonlar kaltaklagan va qorong'u maxfiy hujra haqida hikoyalar tarqalgan. Garri, o'zining sehrli qobiliyatlarini va do'stlarining yordami bilan, bu sirni ochishga harakat qiladi va Hogvortsni tahdid qilayotgan dahshatli kuchga qarshi turadi. Filmda, shuningdek, Garri Potterning yangi dushmani  Tom Riddle va uning miyasidagi sirli tarixni bilib olish uchun kurashni ko'rish mumkin.	8	2002-11-15	2024-11-10
73	https://seezntv.s3.us-east-005.backblazeb2.com/Multifilmlar/Kunfu+panda+series/Kunfu+panda+1/full+poster.jpg	https://seezntv.s3.us-east-005.backblazeb2.com/Multifilmlar/Kunfu+panda+series/Kunfu+panda+1/full+poster.jpg	https://f005.backblazeb2.com/file/seezntv/Multifilmlar/Kunfu+panda+series/Kunfu+panda+1/card+poster.jpg	https://f005.backblazeb2.com/file/seezntv/Multifilmlar/Kunfu+panda+series/Kunfu+panda+1/triller.mp4	Kung Fu Panda 1	"Kung Fu Panda"   2008-yilda DreamWorks Animation tomonidan ishlangan jangari va komediya janridagi animatsion film. Filmda panda Po ismli, qovunxo'r va dangasa qahramonning qanday qilib kung-fu ustasiga aylanishi hikoya qilinadi. Voqea Xitoyning osoyishta vodiysida boshlanadi . Xavfli dushman, yo'lbars Tai Lung  qamoqdan qochib, vodiyni tahdid ostiga qo'yadi. Unga qarshi kurashish uchun afsonaviy Dragon Warrior qidiriladi, va tasodifan Po tanlanadi .\r\n\r\nDastlab hech kim unga ishonmasa-da, Po o'zining irodasi va kung-fuga bo'lgan muhabbati bilan hammani hayratda qoldiradi . Usta Shifu  va Furong Beshligi  yordamida Po kuchli jangchiga aylanadi. Film motivatsiya, ishonch va qahramonlik haqida qiziqarli va ko'ngilochar hikoya bo'lib, har bir yoshdagilarga manzur bo'ladi .	6	2008-06-06	2024-11-11
70	https://f005.backblazeb2.com/file/seezntv/Xorij+Filmlar/Garri+poter+serias/Askaban+mahbusi/full+poster.jpg	https://f005.backblazeb2.com/file/seezntv/Xorij+Filmlar/Garri+poter+serias/Askaban+mahbusi/full+poster.jpg	https://f005.backblazeb2.com/file/seezntv/Xorij+Filmlar/Garri+poter+serias/Askaban+mahbusi/card+image.jpg	https://f005.backblazeb2.com/file/seezntv/Xorij+Filmlar/Garri+poter+serias/Askaban+mahbusi/triller.mp4	Garri Potter 3 / Garri Potter va Askaban mahbusi	"Garri Potter va Maxfiy Hujra"  Garri Potterning ikkinchi sarguzashti, unda u yana Hogvarts Sehrgarlar maktabiga qaytadi.  Bu safar Garri va uning do'stlari maktabda dahshatli va sirli hodisalar sodir bolayotganini payqashadi . Kimdir sehrgar va odamlardan chiqmaganlar ortasidagi qadimiy mojaroni qayta uygotish uchun maxfiy hujrani ochgan. Bu qaltis jumboqni yechish uchun Garri, Ron va Germiona  eski afsonalarni organib, ularning Hogvarts tarixiga chuqur kirib borishadi. Garri maktabning qadimiy dushmaniga duch kelar ekan, jasorat va do'stlik kuchini yana bir bor sinovdan o'tkazadi.	12	2004-06-04	2024-11-10
74	https://f005.backblazeb2.com/file/seezntv/Anime+Seriallar/Moviy+quticha/moviy+quticha+poter/desktop+poster.jpg	https://f005.backblazeb2.com/file/seezntv/Anime+Seriallar/Moviy+quticha/moviy+quticha+poter/desktop+poster.jpg	https://f005.backblazeb2.com/file/seezntv/Anime+Seriallar/Moviy+quticha/moviy+quticha+poter/card+poster.jpg	https://f005.backblazeb2.com/file/seezntv/Anime+Seriallar/Moviy+quticha/moviy+quticha+poter/triller.mp4	Moviy Quticha	Taiki Inomata, orta maktabning uchinchi bosqich oquvchisi , sport dasturi kuchli bolgan Eimei Akademiyasida tahsil oladi . U orta maktab badminton jamoasiga qoshilgan va ochiq mashgulotlarga imkon qadar erta kelishga harakat qiladi . Ammo qanchalik erta kelmasin, har doim sport zaliga ikkinchi bolib yetib keladi . Uning oldida boladigan kishi esa Chinatsu Kano  yuqori sinfning birinchi bosqich oquvchisi va Taikining konglini zabt etgan qiz . Chinatsu basketbol jamoasining kozi tushgan yulduzidir  va uning bilan Taiki ortasidagi farq juda katta .\r\n\r\nTaiki badmintonni yaxshi oynaydigan oquvchi bolsa-da , uning mashhurligi Chinatsuning darajasiga yetib bormaydi , bu esa uning his-tuygulari ozaro javob topish ehtimolini yanada kamaytiradi .\r\n\r\nBiroq, taqdirning garoyib burilishlari tufayli Chinatsu Taikining uyida yashay boshlaydi!  Chinatsuga munosib juft bolishni istab, Taiki unga oxshab Milliy chempionatda qatnashish orzusini maqsad qilib oladi . U yanada koproq mashq qilishga kirishadi , barchasi yangi uy bekasi bilan mustahkam munosabatlar qurish uchun! 	12	2024-10-03	2024-11-17
75	https://f005.backblazeb2.com/file/seezntv/Anime+Seriallar/Attack+on+titan/1-fasl/attack+poster/desktop+poster.jpg	https://f005.backblazeb2.com/file/seezntv/Anime+Seriallar/Attack+on+titan/1-fasl/attack+poster/mobile+poster.jpg	https://f005.backblazeb2.com/file/seezntv/Anime+Seriallar/Attack+on+titan/1-fasl/attack+poster/card+poster.jpg	https://f005.backblazeb2.com/file/seezntv/Anime+Seriallar/Attack+on+titan/1-fasl/attack+poster/triller.mp4	Titanlar Hujumi (Attack on Titan) - 1-Fasl	"Titanlar Hujumi" dunyoni ulkan devlar  Titanlar  tahdidiga qarshi kurashayotgan insoniyat haqida hikoya qiladi. Birinchi faslda insoniyat o'z hayotini himoya qilish uchun ulkan devlar bilan o'ralgan shaharlar  quradi. Ammo tinchlik uzoq davom etmaydi. Kutilmaganda paydo bo'lgan ulkan Titan  devlarni yorib, shaharga hujum qiladi.\r\n\r\nAsosiy qahramonlarimiz  Eren Yeager , Mikasa Ackerman  va Armin Arlert   ushbu halokatli hujumning guvohi bo'lib, yaqinlaridan ayriladilar . Ular Titanlarga qarshi kurashishga qaror qilib, maxsus harbiy otryad  "Kashfiyot legioniga" qo'shiladilar . Bu ularning jasorat , do'stlik  va tirik qolish uchun olib borayotgan kurashlari haqida hikoya qiladi.	12	2013-04-06	2024-11-24
76	https://f005.backblazeb2.com/file/seezntv/Xorij+Filmlar/kingsman/kingsman+1/kingsman+poster/desktop+poster.jpg	https://f005.backblazeb2.com/file/seezntv/Xorij+Filmlar/kingsman/kingsman+1/kingsman+poster/mobile+poster.jpg	https://f005.backblazeb2.com/file/seezntv/Xorij+Filmlar/kingsman/kingsman+1/kingsman+poster/card+poster.jpg	https://f005.backblazeb2.com/file/seezntv/Xorij+Filmlar/kingsman/kingsman+1/kingsman+poster/triller.mp4	Kingsman: Maxfiy Xizmat	Kingsman: Maxfiy Xizmat (2014)   Matthew Vaughn tomonidan rejissyorlik qilingan aksion, triller va komediya elementlarini o'zida birlashtirgan ajoyib film. Film, inglizlarning maxfiy va elita shpionlaridan iborat bo'lgan Kingsman tashkiloti haqida hikoya qiladi. Bir yigit, Eggsy (Taron Egerton), o'zining o'rta sinf hayotidan chiqib, ushbu sirli tashkilotga qo'shilishga taklif qilinadi  va bir nechta qiyin sinovlarni yengib, haqiqiy shpion bo'lish yo'lida harakat qiladi.\r\n\r\nFilmdagi bosh qahramonlardan biri, professional va tajribali shpion Harry Hart (Colin Firth) , Eggsy'ni tayyorlashda yordam beradi. Shu bilan birga, ularning oldida global tahdidga aylangan bir dushman  Richmond Valentine (Samuel L. Jackson)  turadi. Valentine, o'zining texnologik va yovuz rejalari bilan dunyoni yangi tartibga solmoqchi bo'ladi .\r\n\r\n"Kingsman: Maxfiy Xizmat" filmi, kuchli aksion sahnalari , kulgili va o'ziga xos humor , shuningdek, yuqori darajadagi vizual effektlari  bilan ajralib turadi. Ushbu film, klassik shpionlik janrini modernizatsiya qilib, tomoshabinlarga hayajonli, dinamik va o'ziga xos tajriba taqdim etadi .\r\n\r\nAgar siz aksion  va kulgi  bilan aralashgan, ziddiyatli xarakterlar va zamonaviy texnologiyalar  bilan o'ralgan filmni yoqtirsangiz, "Kingsman: The Secret Service"  aynan siz uchun! 	16	2014-02-13	2024-11-27
77	https://seezntv.s3.us-east-005.backblazeb2.com/Multifilmlar/Moana/moana+2/posters/desktop+full+poster.jpg	https://seezntv.s3.us-east-005.backblazeb2.com/Multifilmlar/Moana/moana+2/posters/desktop+full+poster.jpg	https://f005.backblazeb2.com/file/seezntv/Multifilmlar/Moana/moana+2/posters/card+poster.jpg	https://f005.backblazeb2.com/file/seezntv/Multifilmlar/Moana/moana+2/posters/triller.mp4	Moana 2	 Moana 2  Moananing yangi sarguzashtlari haqida hikoya qiluvchi ajoyib animatsion film! \r\n\r\nMoana va Maui yana bir bor xavfli va sirli dengizlarga safar qilishadi. Bu safar ularni yangi dostlar, qiyin sinovlar va Okeaniyaning unutilgan sirlari kutmoqda.  Filmda ajoyib musiqalar, yorqin animatsiyalar va hayajonli voqealar sizni kutmoqda! 	6	2024-11-27	2024-12-02
\.


--
-- Data for Name: content_content_category; Type: TABLE DATA; Schema: public; Owner: postgres
--

COPY public.content_content_category (id, content_id, categorylist_id) FROM stdin;
1	2	1
2	6	1
3	10	4
4	11	5
5	12	1
6	13	5
7	14	4
8	15	5
9	16	2
10	18	4
11	19	1
12	21	1
13	23	4
14	24	5
15	25	1
16	26	4
17	27	5
18	28	4
19	29	5
20	30	1
21	31	4
22	32	5
23	33	2
24	34	5
25	35	5
26	36	2
27	37	5
28	38	4
29	39	7
30	40	4
31	41	5
32	42	4
33	43	7
34	44	1
35	45	5
36	46	2
37	47	8
38	48	9
39	49	5
40	50	5
41	51	2
42	52	4
43	53	8
45	54	4
47	56	4
48	57	5
49	58	4
50	59	5
51	60	4
52	61	5
53	62	4
54	63	5
55	64	5
56	65	5
57	66	5
58	67	5
59	68	5
60	69	5
61	70	5
62	71	5
63	72	5
64	73	4
65	74	2
66	75	2
67	76	5
68	77	4
\.


--
-- Data for Name: content_content_chronology; Type: TABLE DATA; Schema: public; Owner: postgres
--

COPY public.content_content_chronology (id, content_id, videocontent_id) FROM stdin;
\.


--
-- Data for Name: content_content_contents; Type: TABLE DATA; Schema: public; Owner: postgres
--

COPY public.content_content_contents (id, content_id, videocontent_id) FROM stdin;
1	2	46
2	6	48
3	10	44
4	11	42
5	12	47
6	13	36
7	14	35
8	15	37
9	16	53
10	16	54
11	16	57
12	16	58
13	16	59
14	16	60
15	18	41
16	19	38
17	21	39
18	23	50
19	24	43
20	25	40
21	26	51
22	27	52
23	28	56
24	29	61
25	30	62
26	31	63
27	32	64
28	33	65
29	33	66
30	33	67
31	33	68
32	33	69
33	33	70
34	34	71
35	35	72
36	36	73
37	37	74
38	38	75
39	39	76
40	39	77
41	39	78
42	39	79
43	39	118
44	39	119
45	39	120
46	40	80
48	42	82
49	43	83
50	43	84
51	43	85
52	44	86
53	45	87
54	46	96
55	46	97
56	46	98
57	46	99
58	46	88
59	46	89
60	46	90
61	46	91
62	46	92
63	46	93
64	46	94
65	46	95
66	47	100
67	48	101
68	49	103
69	50	104
70	51	105
71	51	106
72	51	107
73	51	108
74	51	109
75	51	110
76	51	111
77	51	112
78	51	113
79	51	114
80	51	115
81	51	116
82	52	117
83	53	121
84	54	122
87	56	121
88	56	125
90	57	127
91	58	128
92	59	129
93	60	130
94	60	131
95	60	132
96	60	133
97	60	134
98	60	135
99	60	136
100	60	137
101	60	138
102	60	139
103	60	140
104	61	141
105	62	142
106	63	143
107	64	144
108	65	145
109	66	146
110	41	147
111	67	148
112	68	149
113	69	150
114	70	151
115	71	152
116	72	153
117	73	154
118	74	155
119	74	156
120	75	157
121	75	158
122	75	159
123	75	160
124	75	161
125	75	162
126	76	163
128	77	165
\.


--
-- Data for Name: content_content_genre; Type: TABLE DATA; Schema: public; Owner: postgres
--

COPY public.content_content_genre (id, content_id, genrelist_id) FROM stdin;
1	2	1
2	2	2
3	2	3
4	2	5
5	6	8
6	6	1
7	6	3
8	9	9
9	9	3
10	9	12
11	10	9
12	10	2
13	10	12
14	10	13
15	11	9
16	11	3
17	11	4
18	12	1
19	12	3
20	13	9
21	13	3
22	13	14
23	14	3
24	14	4
25	14	12
26	15	9
27	15	2
28	15	15
29	16	16
30	16	17
31	16	3
32	18	18
33	18	4
34	18	12
35	19	2
36	19	18
37	19	5
38	21	2
39	21	3
40	23	9
41	23	2
42	23	18
43	23	4
44	24	9
45	24	3
46	24	12
47	25	9
48	25	3
49	25	12
50	25	15
51	26	2
52	26	3
53	26	4
54	26	5
55	26	9
56	26	12
57	27	2
58	27	3
59	27	4
60	27	9
61	27	18
62	28	1
63	28	2
64	28	4
65	28	5
66	28	9
67	29	1
68	29	2
69	29	3
70	29	5
71	29	9
72	30	1
73	30	2
74	30	3
75	30	12
76	31	12
77	31	4
78	31	5
79	32	2
80	32	5
81	33	9
82	33	2
83	33	19
84	33	4
85	34	2
86	34	4
87	34	5
88	35	2
89	35	5
90	35	15
91	36	16
92	36	3
93	36	20
94	37	2
95	37	4
96	37	5
97	37	15
98	38	2
99	38	12
100	38	4
101	38	5
102	39	2
103	39	5
104	40	2
105	40	3
106	40	5
107	40	12
108	40	15
109	41	1
110	41	14
111	41	15
112	42	2
113	42	4
114	42	5
115	42	9
116	42	12
117	43	3
118	43	5
119	43	9
120	43	15
121	43	16
122	44	3
123	44	5
124	44	12
125	44	18
126	44	21
127	45	16
128	45	2
129	45	3
130	46	19
131	46	21
132	46	15
133	47	3
134	47	4
135	48	18
136	48	3
137	49	2
138	49	22
139	50	2
140	50	3
141	50	4
142	50	5
143	50	9
144	51	5
145	51	21
146	51	22
147	52	5
148	52	12
149	52	4
150	53	3
151	53	14
152	53	22
153	54	9
154	54	4
155	54	5
159	56	21
160	56	12
161	56	5
162	57	2
163	57	4
164	57	5
165	57	9
166	57	20
167	58	2
168	58	4
169	58	5
170	58	12
171	58	18
172	59	2
173	59	3
174	59	4
175	59	5
176	59	9
177	60	2
178	60	4
179	60	5
180	60	9
181	60	12
182	61	2
183	61	3
184	61	4
185	61	5
186	61	9
187	62	2
188	62	3
189	62	4
190	62	5
191	62	9
192	62	12
193	63	11
194	63	14
195	63	23
196	64	9
197	64	2
198	64	3
199	64	5
200	65	9
201	65	3
202	65	5
203	65	22
204	66	9
205	66	2
206	66	18
207	66	5
208	67	2
209	67	3
210	67	4
211	67	5
212	67	15
213	68	11
214	68	2
215	68	3
216	68	15
217	69	24
218	69	3
219	69	15
220	70	2
221	70	3
222	70	5
223	70	15
224	70	18
225	71	2
226	71	11
227	71	5
228	71	15
229	72	11
230	72	2
231	72	3
232	72	5
233	73	12
234	73	4
235	73	5
236	73	15
237	74	1
238	74	25
239	75	2
240	75	3
241	75	5
242	75	9
243	75	20
244	76	9
245	76	4
246	76	5
247	76	22
248	77	12
249	77	18
250	77	4
251	77	5
\.


--
-- Data for Name: content_content_kadrs; Type: TABLE DATA; Schema: public; Owner: postgres
--

COPY public.content_content_kadrs (id, content_id, cadr_id) FROM stdin;
1	2	32
2	2	34
3	2	35
4	2	36
5	2	30
6	2	31
7	6	10
8	6	11
9	6	12
10	6	13
11	6	14
12	11	20
13	11	21
14	12	22
15	12	23
16	12	24
17	12	25
18	12	26
19	13	27
20	13	28
21	13	29
22	14	37
23	14	38
24	14	39
25	14	40
26	14	41
27	15	42
28	15	43
29	15	44
30	15	45
31	15	46
32	16	47
33	16	48
34	16	49
35	16	50
36	16	51
37	16	52
38	16	53
39	16	54
40	16	55
41	18	57
42	18	58
43	18	59
44	19	60
45	19	61
46	19	62
47	21	66
48	21	67
49	21	68
50	23	73
51	23	75
52	23	76
53	23	77
54	24	80
55	24	78
56	24	79
57	25	81
58	25	82
59	26	83
60	26	84
61	26	85
62	26	86
63	27	88
64	27	89
65	27	87
66	28	91
67	28	92
68	28	93
69	28	94
70	29	96
71	29	97
72	29	98
73	29	95
74	30	99
75	30	100
76	30	101
77	30	102
78	31	104
79	31	105
80	31	103
81	32	106
82	32	107
83	32	108
84	33	109
85	33	110
86	33	111
87	34	112
88	35	113
89	35	114
90	35	115
91	36	116
92	36	117
93	36	118
94	36	119
95	37	120
96	37	121
97	37	122
98	38	123
99	38	124
100	38	125
101	39	128
102	39	126
103	39	127
104	40	129
105	40	130
106	42	131
107	42	132
108	42	133
109	44	136
110	44	137
111	44	134
112	44	135
113	45	138
114	45	139
115	45	140
116	46	141
117	46	142
118	46	143
119	47	144
120	47	145
121	48	146
122	48	147
123	48	148
124	49	149
125	49	150
126	49	151
127	50	152
128	50	153
129	50	154
130	51	155
131	51	156
132	51	157
133	51	158
134	52	160
135	52	159
136	53	161
140	54	162
143	56	167
144	56	168
145	56	169
146	56	170
147	56	171
148	57	172
149	57	173
150	58	174
151	58	175
152	59	176
153	59	177
154	59	178
155	59	179
156	60	180
157	61	181
158	61	182
159	61	183
160	62	184
161	62	185
162	62	186
163	64	187
164	64	188
165	65	192
166	65	189
167	65	190
168	65	191
169	66	193
170	66	194
171	66	195
172	67	196
173	67	197
174	67	198
175	68	200
176	68	201
177	68	199
178	69	202
179	69	203
180	69	204
181	70	205
182	70	206
183	70	207
184	71	208
185	71	209
186	71	210
187	71	211
188	72	212
189	72	213
190	72	214
191	72	215
192	72	216
193	73	217
194	73	218
195	74	219
196	74	220
197	74	221
198	74	222
199	75	224
200	75	225
201	75	226
202	75	227
203	75	223
204	76	228
205	76	229
206	76	230
207	76	231
208	77	235
209	77	236
210	77	237
\.


--
-- Data for Name: content_content_ova; Type: TABLE DATA; Schema: public; Owner: postgres
--

COPY public.content_content_ova (id, content_id, videocontent_id) FROM stdin;
\.


--
-- Data for Name: content_content_tags; Type: TABLE DATA; Schema: public; Owner: postgres
--

COPY public.content_content_tags (id, content_id, tag_id) FROM stdin;
1	2	1
2	2	2
3	2	3
4	2	4
5	2	5
6	2	6
7	2	7
8	6	1
9	6	4
10	6	5
11	6	6
12	6	7
13	6	10
14	6	11
15	9	1
16	9	6
17	9	15
18	10	16
19	10	17
20	10	18
21	10	19
22	11	20
23	11	21
24	11	22
25	12	1
26	12	5
27	12	6
28	12	7
29	12	8
30	13	24
31	13	25
32	13	20
33	13	23
34	14	26
35	14	27
36	14	28
37	14	29
38	14	30
39	14	31
40	15	32
41	15	33
42	15	34
43	15	35
44	15	20
45	16	1
46	16	36
47	16	37
48	16	5
49	16	6
50	16	38
51	18	18
52	18	43
53	18	44
54	19	1
55	19	45
56	19	6
57	21	1
58	21	5
59	21	6
60	21	7
61	21	47
62	21	48
63	23	17
64	23	18
65	23	46
66	23	49
67	24	50
68	24	51
69	24	20
70	25	1
71	25	34
72	25	52
73	26	56
74	26	53
75	26	54
76	26	55
77	27	57
78	27	58
79	27	20
80	28	17
81	28	18
82	28	59
83	28	60
84	28	61
85	29	20
86	29	62
87	30	1
88	30	5
89	30	6
90	30	7
91	30	63
92	31	64
93	31	65
94	31	46
95	31	17
96	31	18
97	32	67
98	32	66
99	32	35
100	32	20
101	33	68
102	33	5
103	33	69
104	33	70
105	33	6
106	33	71
107	33	72
108	34	34
109	34	35
110	34	73
111	34	74
112	34	75
113	34	76
114	34	77
115	34	20
116	35	78
117	35	79
118	35	80
119	35	81
120	35	82
121	35	83
122	35	84
123	35	85
124	36	1
125	36	5
126	36	6
127	36	21
128	36	85
129	36	86
130	36	87
131	37	88
132	41	89
133	41	90
134	41	20
135	43	91
136	43	20
137	43	93
138	43	92
139	44	1
140	44	5
141	44	6
142	44	7
143	44	94
144	44	95
145	45	96
146	45	97
147	45	98
148	45	99
149	45	100
150	45	101
151	46	1
152	46	69
153	46	5
154	46	6
155	47	102
156	47	103
157	47	104
158	47	105
159	47	106
160	47	85
161	48	85
162	48	107
163	48	108
164	48	109
165	49	110
166	49	111
167	49	112
168	49	113
169	49	85
170	50	114
171	50	115
172	50	116
173	50	85
174	51	1
175	51	5
176	51	69
177	51	6
178	51	85
179	51	117
180	52	75
181	52	85
182	52	118
183	52	119
184	52	120
185	53	89
186	53	85
187	53	121
188	54	17
189	54	18
195	56	17
196	56	18
197	56	127
198	57	128
199	57	129
200	57	35
201	58	130
202	58	103
203	59	131
204	59	132
205	59	103
206	60	136
207	60	133
208	60	134
209	60	135
210	61	137
211	61	138
212	61	131
213	62	17
214	62	18
215	62	139
216	63	35
217	64	35
218	64	140
219	64	141
220	64	142
221	64	143
222	65	144
223	65	145
224	65	146
225	65	147
226	66	148
227	66	149
228	66	142
229	67	150
230	67	151
231	67	152
232	67	153
233	67	154
234	72	155
235	72	156
236	74	160
237	74	1
238	74	6
239	74	157
240	74	158
241	74	159
242	75	1
243	75	162
244	75	161
245	75	163
246	75	164
247	75	6
248	75	165
249	76	166
250	76	167
251	76	168
252	76	169
253	76	170
254	76	171
255	76	172
256	76	173
257	77	174
258	77	176
259	77	17
260	77	18
261	77	177
262	77	178
263	77	179
264	77	180
\.


--
-- Data for Name: content_genreitem; Type: TABLE DATA; Schema: public; Owner: postgres
--

COPY public.content_genreitem (id, item) FROM stdin;
1	Romantika
2	Fantastika
3	Drama
4	Komediya
5	Sarguzasht
6	Psixologik
7	Maktab hayoti
8	Dilkash tushnadigan
9	Action
10	Mistik
11	Sir
12	Animation
13	Klassik
14	Kriminal
15	Jangari
16	Detektiv
17	Sirli
18	Oilaviy
19	Isekai
20	Qo'rqinchli
21	Fentezi
22	Triller
23	Roman
24	Biografik
25	Sport
\.


--
-- Data for Name: content_genrelist; Type: TABLE DATA; Schema: public; Owner: postgres
--

COPY public.content_genrelist (id, genre_id) FROM stdin;
1	1
2	2
3	3
4	4
5	5
6	6
7	7
8	8
9	9
10	10
11	11
12	12
13	13
14	14
15	15
16	16
17	17
18	18
19	19
20	20
21	21
22	22
23	23
24	24
25	25
\.


--
-- Data for Name: content_istory; Type: TABLE DATA; Schema: public; Owner: postgres
--

COPY public.content_istory (id, content_id) FROM stdin;
2	33
3	35
4	42
6	69
5	44
\.


--
-- Data for Name: content_istory_videos; Type: TABLE DATA; Schema: public; Owner: postgres
--

COPY public.content_istory_videos (id, istory_id, istoryvideo_id) FROM stdin;
1	2	2
2	3	3
3	4	4
5	6	6
6	5	7
\.


--
-- Data for Name: content_istoryvideo; Type: TABLE DATA; Schema: public; Owner: postgres
--

COPY public.content_istoryvideo (id, video) FROM stdin;
1	http://commondatastorage.googleapis.com/gtv-videos-bucket/sample/ElephantsDream.mp4
2	https://f005.backblazeb2.com/file/seezntv/Edit's/edit+mahluq.mp4
3	https://f005.backblazeb2.com/file/seezntv/Edit's/mortal+kombat.mp4
4	https://f005.backblazeb2.com/file/seezntv/Edit's/etik+kiygan+mushuk+2edit.mp4
5	https://f005.backblazeb2.com/file/seezntv/Edit's/bola+va+qush.mp4
6	https://f005.backblazeb2.com/file/seezntv/Edit's/Oppengeymer.mp4
7	https://f005.backblazeb2.com/file/seezntv/Edit's/bola+va+qush.mp4
\.


--
-- Data for Name: content_tag; Type: TABLE DATA; Schema: public; Owner: postgres
--

COPY public.content_tag (id, tag) FROM stdin;
1	anime
2	yourname
3	sening isming
4	Makoto shinkai
5	tarjima anime
6	O'zbekcha animelar
7	Anime filmlar
8	Ovoz shakli
9	Koe no Katachi
10	5 Centimeters Per Second
11	Soniyasiga 5 sm
12	Moviy ko'zli
13	Moviy ko'zli vampir
14	vampir
15	kiberpunk
16	Yangi Groove
17	Multifilm
18	O'zbekcha Multifilm
19	Kusko
20	Tarjima film
21	Qo'rqinchli
22	Yetimchalar
23	Hacker
24	Who am i
25	Men kimman
26	Lusifer
27	Multiserial
28	Dark Komediya
29	Dark Drama
30	Hazbin
31	Hazbin Hotel
32	Hercules
33	Dwayne Johnson
34	Jangari Film
35	FullHD Film
36	Intiho Kundaligi
37	Death Note
38	O'lim kundaligi uzbek tilida
39	Muzlik davri
40	Ice age 1
41	sit
42	diago
43	Minionlar
44	4k Film
45	Kiki eltuv
46	tarjima multfilm
47	Summer Ghost
48	Romantika
49	imperator
50	alkimyogar
51	yaponiya
52	baki
53	xazinalar
54	qaroqchilar
55	xazina izlash
56	hayvon odamlar
57	Hogwarts
58	Jodu Maktabi
59	Drakula
60	Mehmonxona
61	Vampirlar
62	Marvel
63	Yozgacha tnel
64	Turbo
65	Full Hd Multifilmlar
66	Sehr
67	afsun
68	ReMonster
69	Anime
70	DunyoQurilishi
71	Dublaj
72	Kurash
73	KaribDengizi
74	Qaroqchilar
75	Sarguzasht
76	JonnyDepp
77	HansZimmer
78	MortalKombat
79	MortalKombat2021
80	JangovarFilm
81	VideoOyin
82	QonliJanglar
83	ZamonaviyFilm
84	O'yinKino
85	Seezntv
86	Qo'rqinchli anime
87	Daxshatli
88	Dedpul
89	Musiqiy film
90	joker
91	Qashqirlar vodiysi
92	Detektiv film
93	Turk filmi
94	heron
95	Boy and heron
96	UstasiFaranglar
97	NowYouSeeMe
98	Sehrgarlar
99	SirliDunyo
100	seezntv
101	SehrVaIlluziya
102	3Savdoyi
103	Comedy
104	Education
105	Friendship
106	Motivation
107	JannatOnalarOygostida
108	Ma'rifat
109	Fidoiylik
110	Platform2
111	Triller
112	PsixologikDrama
113	IjtimoiyAdolat
114	KaribDengizQaroqchilari
115	Janglar
116	SarguzashtKinolari
117	vadaqilinganneverlend
118	TheSecretLifeOfPets
119	HayvonlarningYashirinHayoti
120	BolalarFilmi
121	HindFilm
122	Telekanal
123	zo'rtv
124	usb telekanal
125	Telegdasturlar
126	Teledasturlar
127	pakana burunboy
128	venom
129	marvel
130	alavuddin
131	sehirgarlar maktabi
132	garri poter 2 fasl
133	RickandMorty
134	Rikvamori1-fasl
135	Rik va morti Uzbek tilda
136	Rick and Morty season 1 uzbek tilida
137	jodusaltanati
138	Sehirgarlar maktabi
139	Akula
140	Qadimiy
141	Ritsorlar
142	Narniya aholisi
143	Qirol sher
144	Interstellar uzbek tilida
145	kosmos
146	samo
147	kosmonaft
148	Narniya saltanat 2
149	sehirli dunyo
150	KaribDengiziQaroqchilari
151	DunyolarOxiri
152	KapitanJekSparrou
153	MistikDengiz
154	OchiqDengiz
155	GarriPotter
156	AlangaKubogi
157	Blue box
158	Moviy Quticha
159	uzbekcha anime
160	maktab hayoti
161	Attack on Titan
162	1-fasl
163	titanlar hujumi
164	eren yeger
165	titanlar jangi
166	Kingsman
167	Shpionlik
168	AksionFilm
169	XavfliMissiya
170	DunyoXavfi
171	FilmTavsiyasi
172	SamuelLJackson
173	KingsmanTheSecretService
174	Moana2
175	Multfilm
176	Animatsiya
177	BolalarUchun
178	MoananingSarguzashtlari
179	Moana2 Uzbek tilida
180	Maui
\.


--
-- Data for Name: content_videocontent; Type: TABLE DATA; Schema: public; Owner: postgres
--

COPY public.content_videocontent (id, sources, skip_start_time, skip_end_time, index) FROM stdin;
31	https://d3rlna7iyyu8wu.cloudfront.net/skip_armstrong/skip_armstrong_multi_language_subs.m3u8	\N	\N	1
32	https://content.jwplatform.com/manifests/yp34SRmf.m3u8	\N	\N	1
33	https://devstreaming-cdn.apple.com/videos/streaming/examples/img_bipbop_adv_example_fmp4/master.m3u8	\N	\N	2
34	https://f005.backblazeb2.com/file/seezntv/Xorij+Filmlar/Jodu+Saltanati+Blueray+1/Jodu+Saltanati+Blueray+1.m3u8	\N	\N	1
35	https://f005.backblazeb2.com/file/seezntv/hazbin/hazbin.m3u8	\N	\N	1
36	https://f005.backblazeb2.com/file/seezntv/Xorij+Filmlar/Tarmoqdagi+tuzoq/Tarmoqdagi+tuzoq/Tarmoqdagi+tuzoq.m3u8	\N	\N	1
37	https://f005.backblazeb2.com/file/seezntv/Xorij+Filmlar/gerakl/gerakl/gerakl.m3u8	\N	\N	1
38	https://f005.backblazeb2.com/file/seezntv/Anime+Filmlar/Kiki+Eltuv+xizmati/Kiki%2BEltuv%2BHizmati/Kiki%2BEltuv%2BHizmati.m3u8	\N	\N	1
39	https://f005.backblazeb2.com/file/seezntv/Anime+Filmlar/yozgi+arvoh/YOZGI%2BARVOH/YOZGI%2BARVOH.m3u8	\N	\N	1
40	https://f005.backblazeb2.com/file/seezntv/Anime+Filmlar/Baki/Baki/Baki.m3u8	\N	\N	1
41	https://f005.backblazeb2.com/file/seezntv/Multifilmlar/me4/Yaxshi%2Bbo'lish%2Bosonmi%2B4/Yaxshi%2Bbo'lish%2Bosonmi%2B4.m3u8	\N	\N	1
42	https://f005.backblazeb2.com/file/seezntv/Xorij+Filmlar/33+Baxtsizlik/movie/movie.m3u8	\N	\N	1
43	https://f005.backblazeb2.com/file/seezntv/Xorij%20Filmlar/alkimyogar/Alkimyogar/Alkimyogar.m3u8	\N	\N	1
44	https://f005.backblazeb2.com/file/seezntv/Multifilmlar/imperator+kusko/1-film/Imperatorning.sarguzashtlari%2B1/Imperatorning.sarguzashtlari%2B1.m3u8	\N	\N	1
46	https://f005.backblazeb2.com/file/seezntv/Anime+Filmlar/Sening+isming/sening+isming/sening+isming.m3u8	\N	\N	1
47	https://f005.backblazeb2.com/file/seezntv/Anime+Filmlar/Ovoz+shakli/Ovoz.shakli.2016/Ovoz.shakli.2016.m3u8	\N	\N	1
48	https://f005.backblazeb2.com/file/seezntv/Anime+Filmlar/Soniyasiga+5+santimetr/Soniyasiga.5.santimetr/Soniyasiga.5.santimetr.m3u8	\N	\N	1
50	https://f005.backblazeb2.com/file/seezntv/Multifilmlar/imperator+kusko+2/Imperatorning%2Bsarguzashtlari%2B2/Imperatorning%2Bsarguzashtlari%2B2.m3u8	\N	\N	1
51	https://f005.backblazeb2.com/file/seezntv/Multifilmlar/Xazinalar+sayyorasi/Xazinalar+sayyorasi/Xazinalar+sayyorasi.m3u8	\N	\N	1
52	https://f005.backblazeb2.com/file/seezntv/Xorij+Filmlar/Jodu+saltanati+1/Jodu+saltanati+1+sours/Jodu+saltanati+1.m3u8	\N	\N	1
53	https://f005.backblazeb2.com/file/seezntv/Anime+Seriallar/O'lim+Kundaligi/1+qism/1-qism.m3u8	00:00:11	00:01:30	1
54	https://f005.backblazeb2.com/file/seezntv/Anime+Seriallar/O'lim+Kundaligi/2-qism/2-qism.m3u8	00:00:11	00:01:30	2
55	https://f005.backblazeb2.com/file/seezntv/Multifilmlar/Mahluqlar+Tatilda+1/Mahluqlar+tatilda-1/Mahluqlar+tatilda+1.m3u8	\N	\N	1
56	https://f005.backblazeb2.com/file/seezntv/Multifilmlar/Mahluqlar+Tatilda+1/Mahluqlar+tatilda-1/Mahluqlar+tatilda+1.m3u8	\N	\N	1
57	https://f005.backblazeb2.com/file/seezntv/Anime+Seriallar/O'lim+Kundaligi/3-qism/3-qism.m3u8	00:00:11	00:01:30	3
58	https://f005.backblazeb2.com/file/seezntv/Anime+Seriallar/O'lim+Kundaligi/4-qism/4-qism.m3u8	00:00:11	00:01:30	4
59	https://f005.backblazeb2.com/file/seezntv/Anime+Seriallar/O'lim+Kundaligi/5-qism/5-qism.m3u8	00:00:11	00:01:30	5
60	https://f005.backblazeb2.com/file/seezntv/Anime+Seriallar/O'lim+Kundaligi/6-qism/6-qism.m3u8	00:00:11	00:01:30	6
61	https://f005.backblazeb2.com/file/seezntv/Xorij+Filmlar/Abadiylar/0831(2)/0831(2).m3u8	\N	\N	1
62	https://f005.backblazeb2.com/file/seezntv/Anime+Filmlar/Yozgacha+tunnel/Yozgacha+tunel/Yozgacha+tunel.m3u8	\N	\N	1
63	https://f005.backblazeb2.com/file/seezntv/Multifilmlar/Turbo/Turbo/Turbo.m3u8	\N	\N	1
64	https://f005.backblazeb2.com/file/seezntv/Xorij+Filmlar/Garri+poter+1/Garri/Garri.m3u8	\N	\N	1
65	https://f005.backblazeb2.com/file/seezntv/Anime+Seriallar/Mahluq+bo'lib+qayta+tug'ilishim/1_Qism/1_Qism.m3u8	\N	\N	1
66	https://f005.backblazeb2.com/file/seezntv/Anime+Seriallar/Mahluq+bo'lib+qayta+tug'ilishim/2-qism/2-qism.m3u8	\N	\N	2
67	https://f005.backblazeb2.com/file/seezntv/Anime+Seriallar/Mahluq+bo'lib+qayta+tug'ilishim/3-qism/3-qism.m3u8	\N	\N	3
68	https://f005.backblazeb2.com/file/seezntv/Anime+Seriallar/Mahluq+bo'lib+qayta+tug'ilishim/4-qism/4-qism.m3u8	\N	\N	4
69	https://f005.backblazeb2.com/file/seezntv/Anime+Seriallar/Mahluq+bo'lib+qayta+tug'ilishim/5-qism/5-qism.m3u8	\N	\N	5
70	https://f005.backblazeb2.com/file/seezntv/Anime+Seriallar/Mahluq+bo'lib+qayta+tug'ilishim/6+qism/6+qism.m3u8	00:00:58	00:02:25	6
71	https://f005.backblazeb2.com/file/seezntv/Xorij+Filmlar/Karib+dengizi+qaroqchilari/karib+dengizi+qaroqchilari+1/karib+dengizi+qaroqchilari.m3u8	\N	\N	1
72	https://f005.backblazeb2.com/file/seezntv/Xorij+Filmlar/Mortal+kombat/Mortal+kombat/Mortal+kombat.m3u8	\N	\N	1
73	https://f005.backblazeb2.com/file/seezntv/Anime+Seriallar/Murdalar+bazmi-+Jahannam+maktabi/1-qism/1-qism.m3u8	00:09:50	00:11:53	1
74	https://f005.backblazeb2.com/file/seezntv/Xorij+Filmlar/Deadpool+3/Deadpool+3/Deadpool+3.m3u8	\N	\N	1
75	https://f005.backblazeb2.com/file/seezntv/Multifilmlar/emojilar/emoji/emoji.m3u8	\N	\N	1
76	https://f005.backblazeb2.com/file/seezntv/Kino+Seriallar/Afsungar/1-qism/1-qism.m3u8	00:01:07	00:01:38	1
77	https://f005.backblazeb2.com/file/seezntv/Kino+Seriallar/Afsungar/2-qism/2-qism.m3u8	00:02:11	00:02:40	2
78	https://f005.backblazeb2.com/file/seezntv/Kino+Seriallar/Afsungar/3-qism/3-qism/3-qism.m3u8	00:01:56	00:02:28	3
79	https://f005.backblazeb2.com/file/seezntv/Kino+Seriallar/Afsungar/4-qism/4-qism.m3u8	00:01:52	00:02:23	4
80	https://f005.backblazeb2.com/file/seezntv/Multifilmlar/Qahramonlar+shahri/qahramonlar+shahri/qahramonlar+shahri.m3u8	\N	\N	1
81	https://f005.backblazeb2.com/file/seezntv/Xorij+Filmlar/Joker+2/joker+2/joker+2.m3u8	\N	\N	1
82	https://f005.backblazeb2.com/file/seezntv/Multifilmlar/Etik+Kigan+mushuk+2/Etik+kigan+mushuk+2/Etik+kigan+mushuk+2.m3u8	\N	\N	1
83	https://f005.backblazeb2.com/file/seezntv/Kino+Seriallar/Qashqirlar+makoni/1-qism/1-qism.m3u8	\N	\N	1
84	https://f005.backblazeb2.com/file/seezntv/Kino+Seriallar/Qashqirlar+makoni/2-qism/2-qism.m3u8	00:00:11	00:02:19	2
85	https://f005.backblazeb2.com/file/seezntv/Kino+Seriallar/Qashqirlar+makoni/3-qism/3-qism.m3u8	00:00:11	00:02:19	3
86	https://f005.backblazeb2.com/file/seezntv/Anime+Filmlar/Bola+va+Qush/bolakay+va+qush/bolakay+va+qush.m3u8	\N	\N	1
87	https://f005.backblazeb2.com/file/seezntv/Xorij+Filmlar/Ustasi+faranglar+/ustasi+faranglar/ustasi+faranglar.m3u8	\N	\N	\N
88	https://f005.backblazeb2.com/file/seezntv/Anime+Seriallar/Tanyaning+urush+yilnomalari/Tanyaning+urush+yilnomalari/1-qism/1+-+qism/1+-+qism.m3u8	\N	\N	1
89	https://f005.backblazeb2.com/file/seezntv/Anime+Seriallar/Tanyaning+urush+yilnomalari/Tanyaning+urush+yilnomalari/2-qism/2-qism.m3u8	\N	\N	2
90	https://f005.backblazeb2.com/file/seezntv/Anime+Seriallar/Tanyaning+urush+yilnomalari/Tanyaning+urush+yilnomalari/3-qism/3-qism.m3u8	\N	\N	3
91	https://f005.backblazeb2.com/file/seezntv/Anime+Seriallar/Tanyaning+urush+yilnomalari/Tanyaning+urush+yilnomalari/4-qism/4-qism.m3u8	\N	\N	4
92	https://f005.backblazeb2.com/file/seezntv/Anime+Seriallar/Tanyaning+urush+yilnomalari/Tanyaning+urush+yilnomalari/5-qism/5-qism.m3u8	\N	\N	5
93	https://f005.backblazeb2.com/file/seezntv/Anime+Seriallar/Tanyaning+urush+yilnomalari/Tanyaning+urush+yilnomalari/6-qism/6-qism.m3u8	\N	\N	6
94	https://f005.backblazeb2.com/file/seezntv/Anime+Seriallar/Tanyaning+urush+yilnomalari/Tanyaning+urush+yilnomalari/7-qism/7-qism.m3u8	\N	\N	7
95	https://f005.backblazeb2.com/file/seezntv/Anime+Seriallar/Tanyaning+urush+yilnomalari/Tanyaning+urush+yilnomalari/8-qism/8-qism.m3u8	\N	\N	8
96	https://f005.backblazeb2.com/file/seezntv/Anime+Seriallar/Tanyaning+urush+yilnomalari/Tanyaning+urush+yilnomalari/9-qism/9-qism.m3u8	\N	\N	9
97	https://f005.backblazeb2.com/file/seezntv/Anime+Seriallar/Tanyaning+urush+yilnomalari/Tanyaning+urush+yilnomalari/10-qism/10-qism.m3u8	\N	\N	10
98	https://f005.backblazeb2.com/file/seezntv/Anime+Seriallar/Tanyaning+urush+yilnomalari/Tanyaning+urush+yilnomalari/11-qism/11-qism.m3u8	\N	\N	11
99	https://f005.backblazeb2.com/file/seezntv/Anime+Seriallar/Tanyaning+urush+yilnomalari/Tanyaning+urush+yilnomalari/12-qism/12-qism.m3u8	\N	\N	12
100	https://f005.backblazeb2.com/file/seezntv/Hind+Filmlari/3+savdoyi/3+savdoyi/3+savdoyi.m3u8	\N	\N	1
101	https://f005.backblazeb2.com/file/seezntv/Xorij+Filmlar/Jannat+onalar+oyogi+ostida/jannat+onal+oyogi+ostida+/jannat+onal+oyogi+ostida+.m3u8	\N	\N	1
102	https://f005.backblazeb2.com/file/seezntv/Xorij+Filmlar/Platforma+2/movie/movie.m3u8	\N	\N	1
103	https://f005.backblazeb2.com/file/seezntv/Xorij+Filmlar/Platforma+2/movie/movie.m3u8	\N	\N	1
104	https://f005.backblazeb2.com/file/seezntv/Xorij+Filmlar/karib+dengizi+qaroqchilari+2/Karib+dengizi+qaroqchilari+2/Karib+dengizi+qaroqchilari+2.m3u8	\N	\N	1
105	https://f005.backblazeb2.com/file/seezntv/Anime+Seriallar/Vada+qilingan+neverlend/1-fasl/uzb+1-qism/uzb+1-qism.m3u8	00:01:11	00:02:35	1
106	https://f005.backblazeb2.com/file/seezntv/Anime+Seriallar/Vada+qilingan+neverlend/1-fasl/uzb+2-qism/uzb+2-qism.m3u8	00:00:54	00:02:15	2
107	https://f005.backblazeb2.com/file/seezntv/Anime+Seriallar/Vada+qilingan+neverlend/1-fasl/uzb+3-qism/uzb+3-qism.m3u8	00:00:11	00:01:40	3
108	https://f005.backblazeb2.com/file/seezntv/Anime+Seriallar/Vada+qilingan+neverlend/1-fasl/uzb+4-qism/uzb+4-qism.m3u8	00:00:11	00:01:40	4
109	https://f005.backblazeb2.com/file/seezntv/Anime+Seriallar/Vada+qilingan+neverlend/1-fasl/uzb+5-qism/uzb+5-qism.m3u8	00:00:11	00:01:40	5
110	https://f005.backblazeb2.com/file/seezntv/Anime+Seriallar/Vada+qilingan+neverlend/1-fasl/uzb+6-qism/uzb+6-qism.m3u8	00:00:11	00:01:40	6
111	https://f005.backblazeb2.com/file/seezntv/Anime+Seriallar/Vada+qilingan+neverlend/1-fasl/uzb+7-qism/uzb+7-qism.m3u8	00:00:55	00:02:25	7
112	https://f005.backblazeb2.com/file/seezntv/Anime+Seriallar/Vada+qilingan+neverlend/1-fasl/uzb+8-qism/uzb+8-qism.m3u8	00:00:11	00:01:40	8
113	https://f005.backblazeb2.com/file/seezntv/Anime+Seriallar/Vada+qilingan+neverlend/1-fasl/uzb+9-qis%2C/uzb+9-qis%2C.m3u8	00:00:52	00:02:19	9
114	https://f005.backblazeb2.com/file/seezntv/Anime+Seriallar/Vada+qilingan+neverlend/1-fasl/uzb+10-qism/uzb+10-qism.m3u8	00:00:11	00:01:40	10
115	https://f005.backblazeb2.com/file/seezntv/Anime+Seriallar/Vada+qilingan+neverlend/1-fasl/uzb+11-qism/uzb+11-qism.m3u8	00:00:11	00:01:40	11
116	https://f005.backblazeb2.com/file/seezntv/Anime+Seriallar/Vada+qilingan+neverlend/1-fasl/uzb+12-qism/uzb+12-qism.m3u8	\N	\N	12
117	https://f005.backblazeb2.com/file/seezntv/Multifilmlar/uy+hayvonlari+sirli+hayoti+1/uy+hayvonlari+sirli+hayoti/uy+hayvonlari+sirli+hayoti.m3u8	\N	\N	1
118	https://f005.backblazeb2.com/file/seezntv/Kino+Seriallar/Afsungar/5-qism/5-qism.m3u8	\N	\N	5
119	https://f005.backblazeb2.com/file/seezntv/Kino+Seriallar/Afsungar/6-qism/6-qism.m3u8	\N	\N	6
120	https://f005.backblazeb2.com/file/seezntv/Kino+Seriallar/Afsungar/7-qism/7-qism/7-qism.m3u8	\N	\N	7
121	https://f005.backblazeb2.com/file/seezntv/Hind+Filmlari/Gajjini+Qasos/gajjini+/gajjini+.m3u8	\N	\N	1
122	https://f005.backblazeb2.com/file/seezntv/Multifilmlar/Jahildor+qushlar/angry+birds/angry+birds.m3u8	\N	\N	1
123	https://st4.mediabay.uz/ZorSD/playlist.m3u8?token=a471fab91e99853e7b8b7eba72fba6e7e6d64e28-ec0e4bde7b0b7934e67a58914d5738d8-1729965364-1729954564	\N	\N	1
124	https://st4.mediabay.uz/ZorSD/playlist.m3u8?token=5599f9e2294a353b76e1bb467bf9d4a90ce4be03-2278c233b8070519a394b7f571aed552-1729978327-1729967527	\N	\N	1
125	https://f005.backblazeb2.com/file/seezntv/Multifilmlar/Pakana+burunboy/Pakana+burunboy+/Pakana+burunboy+.m3u8	\N	\N	1
126	https://st1.uzdigital.tv/Zor_TVHD/video.m3u8?token=3110dd2ced38d57830e48c2f1b28d12b15eb6675-52707474766249484c7a7a7453736344-1729985058-1729974258&remote=213.230.72.3	\N	\N	1
127	https://f005.backblazeb2.com/file/seezntv/Xorij+Filmlar/Venom+3/venom+3/venom+3/venom+3.m3u8	\N	\N	1
128	https://f005.backblazeb2.com/file/seezntv/Multifilmlar/Alauddin/Alauddin/Alauddin.m3u8	\N	\N	1
129	https://f005.backblazeb2.com/file/seezntv/Xorij+Filmlar/jodu+saltanati+2/jodu+saltanati+2/jodu+saltanati+2.m3u8	\N	\N	1
130	https://f005.backblazeb2.com/file/seezntv/Multiseriallar/Rik+va+morty/1-fals/1-qism/1-qism.m3u8	00:02:18	00:02:50	1
131	https://f005.backblazeb2.com/file/seezntv/Multiseriallar/Rik+va+morty/1-fals/2-qism/2-qism.m3u8	00:00:11	00:00:42	2
132	https://f005.backblazeb2.com/file/seezntv/Multiseriallar/Rik+va+morty/1-fals/3-qism/3-qism.m3u8	00:00:11	00:00:42	3
133	https://f005.backblazeb2.com/file/seezntv/Multiseriallar/Rik+va+morty/1-fals/4-qism/4-qism.m3u8	00:00:11	00:00:42	4
134	https://f005.backblazeb2.com/file/seezntv/Multiseriallar/Rik+va+morty/1-fals/5-qism/5-qism.m3u8	00:00:11	00:00:43	5
135	https://f005.backblazeb2.com/file/seezntv/Multiseriallar/Rik+va+morty/1-fals/6-qism/6-qism.m3u8	00:00:11	00:00:43	6
136	https://f005.backblazeb2.com/file/seezntv/Multiseriallar/Rik+va+morty/1-fals/7-qism/7-qism.m3u8	00:01:19	00:01:51	7
137	https://f005.backblazeb2.com/file/seezntv/Multiseriallar/Rik+va+morty/1-fals/8-qism/8-qism.m3u8	00:01:40	00:02:11	8
138	https://f005.backblazeb2.com/file/seezntv/Multiseriallar/Rik+va+morty/1-fals/9-qism/9-qism.m3u8	00:01:14	00:01:46	9
139	https://f005.backblazeb2.com/file/seezntv/Multiseriallar/Rik+va+morty/1-fals/10-qism/10-qism.m3u8	00:00:38	00:01:10	10
140	https://f005.backblazeb2.com/file/seezntv/Multiseriallar/Rik+va+morty/1-fals/11-qism/11-qism.m3u8	00:01:30	00:02:01	11
141	https://f005.backblazeb2.com/file/seezntv/Xorij+Filmlar/jodu+saltanati+3/jodu+saltanati+3/jodu+saltanati+3.m3u8	\N	\N	1
142	https://f005.backblazeb2.com/file/seezntv/Multifilmlar/Nimona/Nimona/Nimona.m3u8	\N	\N	1
143	https://f005.backblazeb2.com/file/seezntv/Xorij+Filmlar/Qora+minora/Qora+minora/Qora+minora.m3u8	\N	\N	1
144	https://f005.backblazeb2.com/file/seezntv/Xorij+Filmlar/Narniya/1-film/narniya+1/narniya+1.m3u8	\N	\N	1
145	https://f005.backblazeb2.com/file/seezntv/Xorij+Filmlar/interstellar/movie/movie.m3u8	\N	\N	1
146	https://f005.backblazeb2.com/file/seezntv/Xorij+Filmlar/Narniya/2-film/narniya+2/narniya+2.m3u8	\N	\N	1
147	https://f005.backblazeb2.com/file/seezntv/Xorij+Filmlar/Joker+2/joker+2+num/joker+2.m3u8	\N	\N	1
148	https://f005.backblazeb2.com/file/seezntv/Xorij+Filmlar/Karib+dengizi+qaroqchilari+3/qarib+dengiz+qaroqchilari/qarib+dengiz+qaroqchilari.m3u8	\N	\N	1
149	https://f005.backblazeb2.com/file/seezntv/Xorij+Filmlar/Afsungar/Afsungar+film+/Afsungar+film+.m3u8	\N	\N	1
150	https://f005.backblazeb2.com/file/seezntv/Xorij+Filmlar/Oppengeymer/Film/Film.m3u8	\N	\N	1
151	https://f005.backblazeb2.com/file/seezntv/Xorij+Filmlar/Garri+poter+serias/Askaban+mahbusi/askaban+mahbusi/Askaban+mahbusi/Askaban+mahbusi.m3u8	\N	\N	1
152	https://f005.backblazeb2.com/file/seezntv/Xorij+Filmlar/Garri+potter/2-film/Garri+Potter+2+va+maxfiy+xujra+/Garri+Potter+2+va+maxfiy+xujra+.m3u8	\N	\N	1
153	https://f005.backblazeb2.com/file/seezntv/Xorij+Filmlar/Garri+poter+serias/Alanga+kubigi/alanga+kubigi/Alanga+kubigi/Alanga+kubigi.m3u8	\N	\N	1
154	https://f005.backblazeb2.com/file/seezntv/Multifilmlar/Kunfu+panda+series/Kunfu+panda+1/kunfu+panda+1/kunfu+panda+1.m3u8	\N	\N	1
155	https://f005.backblazeb2.com/file/seezntv/Anime+Seriallar/Moviy+quticha/1-qism/1-qism.m3u8	00:02:34	00:04:04	1
156	https://f005.backblazeb2.com/file/seezntv/Anime+Seriallar/Moviy+quticha/2-qism/2-qism.m3u8	\N	\N	2
157	https://f005.backblazeb2.com/file/seezntv/Anime+Seriallar/Attack+on+titan/1-fasl/1-qism+uzb/1-qism+uzb.m3u8	00:02:20	00:03:46	1
158	https://f005.backblazeb2.com/file/seezntv/Anime+Seriallar/Attack+on+titan/1-fasl/2-qism+uzb/2-qism+uzb.m3u8	00:00:15	00:01:47	2
159	https://f005.backblazeb2.com/file/seezntv/Anime+Seriallar/Attack+on+titan/1-fasl/3-qism+uzb/3-qism+uzb.m3u8	00:00:11	00:01:43	3
160	https://f005.backblazeb2.com/file/seezntv/Anime+Seriallar/Attack+on+titan/1-fasl/4-qism+uzb/4-qism+uzb.m3u8	\N	\N	4
161	https://f005.backblazeb2.com/file/seezntv/Anime+Seriallar/Attack+on+titan/1-fasl/5-qism+uzb/5-qism+uzb.m3u8	\N	\N	5
162	https://f005.backblazeb2.com/file/seezntv/Anime+Seriallar/Attack+on+titan/1-fasl/6-qism+uzb/6-qism+uzb.m3u8	\N	\N	6
163	https://f005.backblazeb2.com/file/seezntv/Xorij+Filmlar/kingsman/kingsman+1/kingsman+1/kingsman+1.m3u8	\N	\N	1
164	https://f005.backblazeb2.com/file/seezntv/Multifilmlar/Moana/moana+2/hls/moana+2.m3u8	\N	\N	1
165	https://f005.backblazeb2.com/file/seezntv/Multifilmlar/Moana/moana+2/hls/moana%2B2.m3u8	\N	\N	1
\.


--
-- Data for Name: django_admin_log; Type: TABLE DATA; Schema: public; Owner: postgres
--

COPY public.django_admin_log (id, action_time, object_id, object_repr, action_flag, change_message, content_type_id, user_id) FROM stdin;
1	2024-10-26 14:31:17.649011+00	162	card+1.jpg	1	[{"added": {}}]	9	1
2	2024-10-26 14:34:04.683525+00	122	angry+birds.m3u8	1	[{"added": {}}]	15	1
3	2024-10-26 14:36:05.16887+00	54	Jahildor Qushlar 1	1	[{"added": {}}]	16	1
4	2024-10-26 14:36:56.864506+00	54	Jahildor Qushlar 1	2	[{"changed": {"fields": ["Category"]}}]	16	1
5	2024-10-26 14:38:09.735027+00	54	Jahildor Qushlar 1	2	[{"changed": {"fields": ["Poster desktop", "Poster mobile"]}}]	16	1
6	2024-10-26 15:07:17.3035+00	123	playlist.m3u8?token=a471fab91e99853e7b8b7eba72fba6e7e6d64e28-ec0e4bde7b0b7934e67a58914d5738d8-1729965364-1729954564	1	[{"added": {}}]	15	1
7	2024-10-26 15:09:06.13406+00	10	Telekanallar	1	[{"added": {}}]	10	1
8	2024-10-26 15:09:08.440629+00	11	Telekanallar	1	[{"added": {}}]	11	1
9	2024-10-26 15:09:29.501689+00	55	Zo'r Tv	1	[{"added": {}}]	16	1
10	2024-10-26 15:16:21.493662+00	164	i?id=f1b8ddcbb3d0dbdaa925c16b20385fac_l-4600164-images-thumbs&n=13	1	[{"added": {}}]	9	1
11	2024-10-26 15:16:39.557367+00	54	Jahildor Qushlar 1	2	[{"changed": {"fields": ["Kadrs"]}}]	16	1
12	2024-10-26 15:17:24.712232+00	54	Jahildor Qushlar 1	2	[{"changed": {"fields": ["Kadrs"]}}]	16	1
13	2024-10-26 16:44:40.604387+00	55	Zo'r Tv	2	[{"changed": {"fields": ["Poster desktop", "Poster mobile"]}}]	16	1
14	2024-10-26 16:49:26.030351+00	55	Zo'r Tv	2	[{"changed": {"fields": ["Poster desktop", "Poster card"]}}]	16	1
15	2024-10-26 16:53:33.195957+00	165	desktop+poster.jpg	1	[{"added": {}}]	9	1
16	2024-10-26 16:54:21.73079+00	166	poster+mobile.jpg	1	[{"added": {}}]	9	1
17	2024-10-26 16:54:26.237016+00	55	Zo'r Tv	2	[{"changed": {"fields": ["Kadrs"]}}]	16	1
18	2024-10-26 16:56:22.699134+00	122	Telekanal	1	[{"added": {}}]	14	1
19	2024-10-26 16:56:32.347606+00	123	zo'rtv	1	[{"added": {}}]	14	1
20	2024-10-26 16:56:41.590703+00	124	usb telekanal	1	[{"added": {}}]	14	1
21	2024-10-26 16:57:07.326761+00	125	Telegdasturlar	1	[{"added": {}}]	14	1
22	2024-10-26 16:57:22.496042+00	126	Teledasturlar	1	[{"added": {}}]	14	1
23	2024-10-26 16:57:26.754298+00	55	Zo'r Tv	2	[{"changed": {"fields": ["Description", "Age limit", "Release date", "Tags"]}}]	16	1
24	2024-10-26 17:05:54.762149+00	55	Zo'r Tv	2	[{"changed": {"fields": ["Poster video"]}}]	16	1
25	2024-10-26 17:06:28.528691+00	55	Zo'r Tv	2	[{"changed": {"fields": ["Genre"]}}]	16	1
26	2024-10-26 18:40:21.466702+00	124	playlist.m3u8?token=5599f9e2294a353b76e1bb467bf9d4a90ce4be03-2278c233b8070519a394b7f571aed552-1729978327-1729967527	1	[{"added": {}}]	15	1
27	2024-10-26 18:40:40.811881+00	55	Zo'r Tv	2	[{"changed": {"fields": ["Contents"]}}]	16	1
28	2024-10-26 18:48:12.699452+00	167	card+1.jpg	1	[{"added": {}}]	9	1
29	2024-10-26 18:48:25.480931+00	168	card-2.png	1	[{"added": {}}]	9	1
30	2024-10-26 18:48:52.188255+00	169	card-3.png	1	[{"added": {}}]	9	1
31	2024-10-26 18:49:05.918145+00	170	card+4.jpeg	1	[{"added": {}}]	9	1
32	2024-10-26 18:49:18.362317+00	171	card-5.png	1	[{"added": {}}]	9	1
33	2024-10-26 18:53:21.18105+00	125	Pakana+burunboy+.m3u8	1	[{"added": {}}]	15	1
34	2024-10-26 19:04:17.993782+00	127	pakana burunboy	1	[{"added": {}}]	14	1
35	2024-10-26 19:04:29.468831+00	56	Pakana Burunboy	1	[{"added": {}}]	16	1
36	2024-10-26 20:31:33.976982+00	126	video.m3u8?token=3110dd2ced38d57830e48c2f1b28d12b15eb6675-52707474766249484c7a7a7453736344-1729985058-1729974258&remote=213.230.72.3	1	[{"added": {}}]	15	1
37	2024-10-26 20:31:39.051535+00	55	Zo'r Tv	2	[{"changed": {"fields": ["Contents"]}}]	16	1
38	2024-10-27 13:18:54.014427+00	172	card+1.jpg	1	[{"added": {}}]	9	1
39	2024-10-27 13:19:08.228198+00	173	card+2.jpg	1	[{"added": {}}]	9	1
40	2024-10-27 13:22:31.652517+00	128	venom	1	[{"added": {}}]	14	1
41	2024-10-27 13:22:36.108372+00	129	marvel	1	[{"added": {}}]	14	1
42	2024-10-27 13:26:00.139387+00	127	venom+3.m3u8	1	[{"added": {}}]	15	1
43	2024-10-27 13:26:09.457443+00	57	Venom 3 : So'ngi Raqs	1	[{"added": {}}]	16	1
44	2024-10-27 13:27:26.38911+00	57	Venom 3 : So'ngi Raqs	2	[{"changed": {"fields": ["Poster desktop", "Poster mobile"]}}]	16	1
45	2024-10-27 13:28:00.171035+00	55	Zo'r Tv	3		16	1
46	2024-10-27 13:28:39.579451+00	56	Pakana Burunboy	2	[{"changed": {"fields": ["Poster desktop"]}}]	16	1
47	2024-10-27 13:31:56.434042+00	174	card+1.jpg	1	[{"added": {}}]	9	1
48	2024-10-27 13:32:08.796415+00	175	card+2.png	1	[{"added": {}}]	9	1
49	2024-10-27 13:36:47.635224+00	130	alavuddin	1	[{"added": {}}]	14	1
50	2024-10-27 13:37:49.181191+00	128	Alauddin.m3u8	1	[{"added": {}}]	15	1
51	2024-10-27 13:37:53.861128+00	58	Alovuddin 1	1	[{"added": {}}]	16	1
52	2024-10-27 14:01:32.227253+00	176	card+1.jpg	1	[{"added": {}}]	9	1
53	2024-10-27 14:01:49.201489+00	177	card+2.jpg	1	[{"added": {}}]	9	1
54	2024-10-27 14:02:03.030135+00	178	card+3.jpg	1	[{"added": {}}]	9	1
55	2024-10-27 14:02:15.562258+00	179	card+4.jpg	1	[{"added": {}}]	9	1
56	2024-10-27 14:04:33.352803+00	129	jodu+saltanati+2.m3u8	1	[{"added": {}}]	15	1
57	2024-10-27 14:05:54.674514+00	131	sehirgarlar maktabi	1	[{"added": {}}]	14	1
58	2024-10-27 14:06:06.093947+00	132	garri poter 2 fasl	1	[{"added": {}}]	14	1
59	2024-10-27 14:06:14.486649+00	59	Jodu Saltanati 2	1	[{"added": {}}]	16	1
60	2024-10-28 06:22:56.570215+00	180	card+1.jpg	1	[{"added": {}}]	9	1
61	2024-10-28 06:29:46.229883+00	133	RickandMorty	1	[{"added": {}}]	14	1
62	2024-10-28 06:30:03.973189+00	134	Rikvamori1-fasl	1	[{"added": {}}]	14	1
63	2024-10-28 06:30:16.389815+00	135	Rik va morti Uzbek tilda	1	[{"added": {}}]	14	1
64	2024-10-28 06:30:38.982589+00	136	Rick and Morty season 1 uzbek tilida	1	[{"added": {}}]	14	1
65	2024-10-28 06:33:12.298137+00	130	1-qism.m3u8	1	[{"added": {}}]	15	1
66	2024-10-28 06:34:40.532464+00	131	2-qism.m3u8	1	[{"added": {}}]	15	1
67	2024-10-28 06:36:01.383275+00	132	3-qism.m3u8	1	[{"added": {}}]	15	1
68	2024-10-28 06:37:15.699889+00	133	4-qism.m3u8	1	[{"added": {}}]	15	1
69	2024-10-28 06:38:23.059368+00	134	5-qism.m3u8	1	[{"added": {}}]	15	1
70	2024-10-28 06:39:16.237103+00	135	6-qism.m3u8	1	[{"added": {}}]	15	1
71	2024-10-28 06:41:40.919748+00	136	7-qism.m3u8	1	[{"added": {}}]	15	1
72	2024-10-28 06:45:35.50349+00	137	8-qism.m3u8	1	[{"added": {}}]	15	1
73	2024-10-28 06:47:30.94043+00	138	9-qism.m3u8	1	[{"added": {}}]	15	1
74	2024-10-28 06:50:17.075325+00	139	10-qism.m3u8	1	[{"added": {}}]	15	1
75	2024-10-28 06:50:24.022401+00	60	Rik va Morti 1-Fasl	1	[{"added": {}}]	16	1
76	2024-10-28 11:16:14.948301+00	140	11-qism.m3u8	1	[{"added": {}}]	15	1
77	2024-10-28 11:16:20.568798+00	60	Rik va Morti 1-Fasl	2	[{"changed": {"fields": ["Contents"]}}]	16	1
78	2024-10-28 12:31:34.592058+00	181	card+1.jpg	1	[{"added": {}}]	9	1
79	2024-10-28 12:31:51.155861+00	182	card+2.jpg	1	[{"added": {}}]	9	1
80	2024-10-28 12:32:02.15276+00	183	card+3.jpg	1	[{"added": {}}]	9	1
81	2024-10-28 12:32:24.661416+00	141	jodu+saltanati+3.m3u8	1	[{"added": {}}]	15	1
82	2024-10-28 12:32:43.148891+00	137	jodusaltanati	1	[{"added": {}}]	14	1
83	2024-10-28 12:33:03.457774+00	138	Sehirgarlar maktabi	1	[{"added": {}}]	14	1
84	2024-10-28 12:33:06.767115+00	61	Jodu Saltanati 3	1	[{"added": {}}]	16	1
85	2024-10-30 15:32:51.378321+00	184	card+1.jpg	1	[{"added": {}}]	9	1
86	2024-10-30 15:33:04.617387+00	185	card+2.jpg	1	[{"added": {}}]	9	1
87	2024-10-30 15:33:21.66972+00	186	card+3.jpg	1	[{"added": {}}]	9	1
88	2024-10-30 15:34:26.291924+00	142	Nimona.m3u8	1	[{"added": {}}]	15	1
89	2024-10-30 15:36:27.638417+00	139	Akula	1	[{"added": {}}]	14	1
90	2024-10-30 15:40:18.402843+00	62	Nimona	1	[{"added": {}}]	16	1
91	2024-10-30 18:51:37.44602+00	23	Roman	1	[{"added": {}}]	12	1
92	2024-10-30 18:51:39.530591+00	23	Roman	1	[{"added": {}}]	13	1
93	2024-10-30 18:52:18.773701+00	143	Qora+minora.m3u8	1	[{"added": {}}]	15	1
94	2024-10-30 18:53:13.796718+00	63	Qora Minora	1	[{"added": {}}]	16	1
95	2024-10-31 12:42:04.351405+00	140	Qadimiy	1	[{"added": {}}]	14	1
96	2024-10-31 12:42:09.815389+00	141	Ritsorlar	1	[{"added": {}}]	14	1
97	2024-10-31 12:42:18.189116+00	142	Narniya aholisi	1	[{"added": {}}]	14	1
98	2024-10-31 12:42:39.319997+00	143	Qirol sher	1	[{"added": {}}]	14	1
99	2024-10-31 12:45:31.402367+00	144	narniya+1.m3u8	1	[{"added": {}}]	15	1
100	2024-10-31 12:46:40.523675+00	187	card+1.jpg	1	[{"added": {}}]	9	1
101	2024-10-31 12:46:53.35927+00	188	card+2.jpg	1	[{"added": {}}]	9	1
102	2024-10-31 12:46:56.030693+00	64	Narniya Saltanati 1	1	[{"added": {}}]	16	1
103	2024-11-01 06:10:40.586888+00	144	Interstellar uzbek tilida	1	[{"added": {}}]	14	1
104	2024-11-01 06:10:45.889627+00	145	kosmos	1	[{"added": {}}]	14	1
105	2024-11-01 06:10:51.183871+00	146	samo	1	[{"added": {}}]	14	1
106	2024-11-01 06:11:01.201663+00	147	kosmonaft	1	[{"added": {}}]	14	1
107	2024-11-01 06:16:40.902917+00	189	card+1.jpg	1	[{"added": {}}]	9	1
108	2024-11-01 06:16:51.521318+00	190	card+2.jpg	1	[{"added": {}}]	9	1
109	2024-11-01 06:17:03.170307+00	191	card+3.jpg	1	[{"added": {}}]	9	1
110	2024-11-01 06:17:14.324963+00	192	card+4.jpg	1	[{"added": {}}]	9	1
111	2024-11-01 06:17:54.643829+00	145	movie.m3u8	1	[{"added": {}}]	15	1
112	2024-11-01 06:17:56.711874+00	65	Interstellar	1	[{"added": {}}]	16	1
113	2024-11-01 13:25:30.890029+00	148	Narniya saltanat 2	1	[{"added": {}}]	14	1
114	2024-11-01 13:25:39.997896+00	149	sehirli dunyo	1	[{"added": {}}]	14	1
115	2024-11-01 13:30:23.536207+00	193	card+1.jpg	1	[{"added": {}}]	9	1
116	2024-11-01 13:30:37.724563+00	194	card+2.jpg	1	[{"added": {}}]	9	1
117	2024-11-01 13:30:52.229388+00	195	card+3.jpg	1	[{"added": {}}]	9	1
118	2024-11-01 13:31:10.326552+00	146	narniya+2.m3u8	1	[{"added": {}}]	15	1
119	2024-11-01 13:31:12.316336+00	66	Narniya Saltanati 2	1	[{"added": {}}]	16	1
120	2024-11-02 09:40:38.713+00	147	joker+2.m3u8	1	[{"added": {}}]	15	1
121	2024-11-02 09:40:41.855358+00	41	Joker 2	2	[{"changed": {"fields": ["Contents"]}}]	16	1
122	2024-11-03 13:46:08.112695+00	34	Karib Dengizi Qaroqchilari: Qora Marvarid la'nati	2	[{"changed": {"fields": ["Title"]}}]	16	1
123	2024-11-03 13:46:29.324092+00	50	Karib Dengizi Qaroqchilari: O'likning sandig'i	2	[{"changed": {"fields": ["Title"]}}]	16	1
124	2024-11-03 13:48:06.092948+00	148	qarib+dengiz+qaroqchilari.m3u8	1	[{"added": {}}]	15	1
125	2024-11-03 13:51:40.662193+00	150	KaribDengiziQaroqchilari	1	[{"added": {}}]	14	1
126	2024-11-03 13:51:57.705791+00	151	DunyolarOxiri	1	[{"added": {}}]	14	1
127	2024-11-03 13:52:07.759264+00	152	KapitanJekSparrou	1	[{"added": {}}]	14	1
128	2024-11-03 13:52:16.849342+00	153	MistikDengiz	1	[{"added": {}}]	14	1
129	2024-11-03 13:52:24.01628+00	154	OchiqDengiz	1	[{"added": {}}]	14	1
130	2024-11-03 13:55:04.516976+00	196	card+1.jpg	1	[{"added": {}}]	9	1
131	2024-11-03 13:55:18.450849+00	197	card+2.jpg	1	[{"added": {}}]	9	1
132	2024-11-03 13:55:31.581518+00	198	card+3.jpg	1	[{"added": {}}]	9	1
133	2024-11-03 13:55:33.600062+00	67	Karib Dengizi Qaroqchilari: Dunyolar Oxiri	1	[{"added": {}}]	16	1
134	2024-11-03 13:56:22.865792+00	67	Karib Dengizi Qaroqchilari: Dunyolar Oxiri	2	[{"changed": {"fields": ["Poster desktop", "Poster mobile"]}}]	16	1
135	2024-11-09 13:05:28.184143+00	199	card+1.jpg	1	[{"added": {}}]	9	1
136	2024-11-09 13:05:43.563723+00	200	card+2.jpg	1	[{"added": {}}]	9	1
137	2024-11-09 13:05:59.124251+00	201	card+3.jpg	1	[{"added": {}}]	9	1
138	2024-11-09 13:06:20.528137+00	149	Afsungar+film+.m3u8	1	[{"added": {}}]	15	1
139	2024-11-09 13:07:51.090676+00	68	Afsungar	1	[{"added": {}}]	16	1
140	2024-11-09 13:08:11.562394+00	68	Afsungar	2	[{"changed": {"fields": ["Release date"]}}]	16	1
141	2024-11-09 21:02:47.521445+00	202	card+1.jpg	1	[{"added": {}}]	9	1
142	2024-11-09 21:02:59.028758+00	203	card+2.jpg	1	[{"added": {}}]	9	1
143	2024-11-09 21:03:09.685911+00	204	card+3.jpg	1	[{"added": {}}]	9	1
144	2024-11-09 21:04:20.667768+00	150	Film.m3u8	1	[{"added": {}}]	15	1
145	2024-11-09 21:07:23.068177+00	24	Biografik	1	[{"added": {}}]	12	1
146	2024-11-09 21:07:25.757515+00	24	Biografik	1	[{"added": {}}]	13	1
147	2024-11-09 21:07:59.073566+00	69	Oppengeymer	1	[{"added": {}}]	16	1
148	2024-11-09 21:24:24.204116+00	205	card+1.jpg	1	[{"added": {}}]	9	1
149	2024-11-09 21:24:36.013296+00	206	card+2.jpg	1	[{"added": {}}]	9	1
150	2024-11-09 21:24:49.862838+00	207	card+3.jpg	1	[{"added": {}}]	9	1
151	2024-11-09 21:27:35.696127+00	151	Askaban+mahbusi.m3u8	1	[{"added": {}}]	15	1
152	2024-11-09 21:28:55.309263+00	70	Garri Potter 2 / Garri Potter va Maxfiy hujra	1	[{"added": {}}]	16	1
153	2024-11-09 21:29:09.83564+00	70	Garri Potter 3 / Garri Potter va Maxfiy hujra	2	[{"changed": {"fields": ["Title"]}}]	16	1
154	2024-11-09 22:30:23.843216+00	208	card+1.jpg	1	[{"added": {}}]	9	1
155	2024-11-09 22:30:35.619345+00	209	card+2.jpg	1	[{"added": {}}]	9	1
156	2024-11-09 22:30:48.250322+00	210	card+3.jpg	1	[{"added": {}}]	9	1
157	2024-11-09 22:31:00.591204+00	211	card+4.jpg	1	[{"added": {}}]	9	1
158	2024-11-09 22:31:29.685742+00	152	Garri+Potter+2+va+maxfiy+xujra+.m3u8	1	[{"added": {}}]	15	1
159	2024-11-09 22:34:51.589312+00	71	Garri Potter 2 / Garri Potter va Maxfiy hujra	1	[{"added": {}}]	16	1
160	2024-11-09 22:35:18.244978+00	70	Garri Potter 3 / Garri Potter va Maxfiy hujra	2	[{"changed": {"fields": ["Release date"]}}]	16	1
161	2024-11-10 18:55:12.070857+00	70	Garri Potter 3 / Garri Potter va Askaban mahbusi	2	[{"changed": {"fields": ["Title"]}}]	16	1
162	2024-11-10 19:10:38.849395+00	212	card+1.jpg	1	[{"added": {}}]	9	1
163	2024-11-10 19:10:51.951001+00	213	card+2.jpg	1	[{"added": {}}]	9	1
164	2024-11-10 19:11:03.959736+00	214	card+3.jpg	1	[{"added": {}}]	9	1
165	2024-11-10 19:11:14.564125+00	215	card+4.jpg	1	[{"added": {}}]	9	1
166	2024-11-10 19:11:27.878626+00	216	card+5.jpg	1	[{"added": {}}]	9	1
167	2024-11-10 19:12:06.57614+00	153	Alanga+kubigi.m3u8	1	[{"added": {}}]	15	1
168	2024-11-10 19:54:42.073659+00	155	GarriPotter	1	[{"added": {}}]	14	1
169	2024-11-10 19:54:52.095846+00	156	AlangaKubogi	1	[{"added": {}}]	14	1
170	2024-11-10 20:01:56.915713+00	72	Garri Potter 4 / Garri Potter va Alanga kubogi	1	[{"added": {}}]	16	1
171	2024-11-10 20:02:34.117558+00	72	Garri Potter 4 / Garri Potter va Alanga kubogi	2	[]	16	1
172	2024-11-10 20:04:38.767939+00	72	Garri Potter 4 / Garri Potter va Alanga kubogi	2	[{"changed": {"fields": ["Poster card"]}}]	16	1
173	2024-11-10 20:14:01.662644+00	217	card+1.jpg	1	[{"added": {}}]	9	1
174	2024-11-10 20:14:12.336298+00	218	card+2.jpg	1	[{"added": {}}]	9	1
175	2024-11-10 20:16:17.502663+00	154	kunfu+panda+1.m3u8	1	[{"added": {}}]	15	1
176	2024-11-10 20:17:34.328678+00	73	Kung Fu Panda 1	1	[{"added": {}}]	16	1
177	2024-11-17 17:53:18.436753+00	157	Blue box	1	[{"added": {}}]	14	1
178	2024-11-17 17:53:33.600344+00	158	Moviy Quticha	1	[{"added": {}}]	14	1
179	2024-11-17 17:53:42.033848+00	159	uzbekcha anime	1	[{"added": {}}]	14	1
180	2024-11-17 17:53:54.374671+00	160	maktab hayoti	1	[{"added": {}}]	14	1
181	2024-11-17 17:56:30.380756+00	219	card+1.jpg	1	[{"added": {}}]	9	1
182	2024-11-17 17:56:51.866353+00	220	card+2.jpg	1	[{"added": {}}]	9	1
183	2024-11-17 17:57:09.24719+00	221	card+3.jpg	1	[{"added": {}}]	9	1
184	2024-11-17 17:57:24.334721+00	222	card4.jpg	1	[{"added": {}}]	9	1
185	2024-11-17 18:00:32.064691+00	155	1-qism.m3u8	1	[{"added": {}}]	15	1
186	2024-11-17 18:01:47.469451+00	25	Sport	1	[{"added": {}}]	12	1
187	2024-11-17 18:01:48.841228+00	25	Sport	1	[{"added": {}}]	13	1
188	2024-11-17 18:01:52.877513+00	74	Moviy Quticha	1	[{"added": {}}]	16	1
189	2024-11-17 18:53:27.469956+00	156	2-qism.m3u8	1	[{"added": {}}]	15	1
190	2024-11-17 18:53:29.076896+00	74	Moviy Quticha	2	[{"changed": {"fields": ["Contents"]}}]	16	1
191	2024-11-17 19:36:12.572447+00	5	bola+va+qush.mp4	1	[{"added": {}}]	17	1
192	2024-11-17 19:36:14.150752+00	5	Bola va Qush	1	[{"added": {}}]	18	1
193	2024-11-17 20:06:44.652302+00	6	Oppengeymer.mp4	1	[{"added": {}}]	17	1
194	2024-11-17 20:06:47.26783+00	6	Oppengeymer	1	[{"added": {}}]	18	1
195	2024-11-17 20:11:14.265514+00	7	bola+va+qush.mp4	1	[{"added": {}}]	17	1
196	2024-11-17 20:11:21.002713+00	5	Bola va Qush	2	[{"changed": {"fields": ["Videos"]}}]	18	1
197	2024-11-17 20:11:58.076803+00	5	Bola va Qush	2	[{"changed": {"fields": ["Videos"]}}]	18	1
198	2024-11-17 20:12:42.882883+00	5	Bola va Qush	2	[{"changed": {"fields": ["Videos"]}}]	18	1
199	2024-11-24 08:32:38.125093+00	223	card+1.jpg	1	[{"added": {}}]	9	1
200	2024-11-24 08:32:49.870729+00	224	card+2.jpg	1	[{"added": {}}]	9	1
201	2024-11-24 08:33:04.796602+00	225	card+3.jpg	1	[{"added": {}}]	9	1
202	2024-11-24 08:33:17.75775+00	226	card+5.jpg	1	[{"added": {}}]	9	1
203	2024-11-24 08:33:30.096265+00	227	card+4.jpg	1	[{"added": {}}]	9	1
204	2024-11-24 08:36:37.277042+00	157	1-qism+uzb.m3u8	1	[{"added": {}}]	15	1
205	2024-11-24 08:38:26.480165+00	158	2-qism+uzb.m3u8	1	[{"added": {}}]	15	1
206	2024-11-24 08:40:00.01432+00	159	3-qism+uzb.m3u8	1	[{"added": {}}]	15	1
207	2024-11-24 08:40:47.17572+00	161	Attack on Titan	1	[{"added": {}}]	14	1
208	2024-11-24 08:40:55.083872+00	162	1-fasl	1	[{"added": {}}]	14	1
209	2024-11-24 08:41:05.71085+00	163	titanlar hujumi	1	[{"added": {}}]	14	1
210	2024-11-24 08:41:15.944332+00	164	eren yeger	1	[{"added": {}}]	14	1
211	2024-11-24 08:41:25.744101+00	165	titanlar jangi	1	[{"added": {}}]	14	1
212	2024-11-24 08:41:29.226341+00	75	Titanlar Hujumi (Attack on Titan) - 1-Fasl	1	[{"added": {}}]	16	1
213	2024-11-24 13:42:50.488118+00	160	4-qism+uzb.m3u8	1	[{"added": {}}]	15	1
214	2024-11-24 13:43:15.228993+00	161	5-qism+uzb.m3u8	1	[{"added": {}}]	15	1
215	2024-11-24 13:43:37.063864+00	162	6-qism+uzb.m3u8	1	[{"added": {}}]	15	1
216	2024-11-24 13:43:39.328714+00	75	Titanlar Hujumi (Attack on Titan) - 1-Fasl	2	[{"changed": {"fields": ["Contents"]}}]	16	1
217	2024-11-27 05:57:50.553894+00	228	card+1.jpg	1	[{"added": {}}]	9	1
218	2024-11-27 05:58:02.5467+00	229	card+2.jpg	1	[{"added": {}}]	9	1
219	2024-11-27 05:58:16.294803+00	230	card+3.jpg	1	[{"added": {}}]	9	1
220	2024-11-27 05:58:35.894529+00	231	card+4.jpg	1	[{"added": {}}]	9	1
221	2024-11-27 05:59:22.229753+00	163	kingsman+1.m3u8	1	[{"added": {}}]	15	1
222	2024-11-27 05:59:59.019653+00	166	Kingsman	1	[{"added": {}}]	14	1
223	2024-11-27 06:00:07.727891+00	167	Shpionlik	1	[{"added": {}}]	14	1
224	2024-11-27 06:00:15.80564+00	168	AksionFilm	1	[{"added": {}}]	14	1
225	2024-11-27 06:00:26.204925+00	169	XavfliMissiya	1	[{"added": {}}]	14	1
226	2024-11-27 06:00:34.910115+00	170	DunyoXavfi	1	[{"added": {}}]	14	1
227	2024-11-27 06:00:43.043719+00	171	FilmTavsiyasi	1	[{"added": {}}]	14	1
228	2024-11-27 06:00:50.885212+00	172	SamuelLJackson	1	[{"added": {}}]	14	1
229	2024-11-27 06:00:59.143588+00	173	KingsmanTheSecretService	1	[{"added": {}}]	14	1
230	2024-11-27 06:02:14.4744+00	76	Kingsman: Maxfiy Xizmat	1	[{"added": {}}]	16	1
231	2024-12-01 15:04:52.43421+00	232	card+1.jpg	1	[{"added": {}}]	9	1
232	2024-12-01 15:05:08.831127+00	233	card+2.jpg	1	[{"added": {}}]	9	1
233	2024-12-01 15:05:21.724868+00	234	card+3.jpg	1	[{"added": {}}]	9	1
234	2024-12-01 15:08:16.67359+00	174	Moana2	1	[{"added": {}}]	14	1
235	2024-12-01 15:08:25.249958+00	175	Multfilm	1	[{"added": {}}]	14	1
236	2024-12-01 15:08:32.534667+00	176	Animatsiya	1	[{"added": {}}]	14	1
237	2024-12-01 15:08:42.651731+00	177	BolalarUchun	1	[{"added": {}}]	14	1
238	2024-12-01 15:08:50.574459+00	178	MoananingSarguzashtlari	1	[{"added": {}}]	14	1
239	2024-12-01 15:09:03.10982+00	179	Moana2 Uzbek tilida	1	[{"added": {}}]	14	1
240	2024-12-01 15:09:13.306029+00	180	Maui	1	[{"added": {}}]	14	1
241	2024-12-01 20:52:23.489031+00	232	card+1.jpg	3		9	1
242	2024-12-01 20:52:30.510018+00	233	card+2.jpg	3		9	1
243	2024-12-01 20:52:38.052974+00	234	card+3.jpg	3		9	1
244	2024-12-01 20:52:48.126463+00	235	card+2.jpg	1	[{"added": {}}]	9	1
245	2024-12-01 20:53:11.301526+00	236	card+1.jpg	1	[{"added": {}}]	9	1
246	2024-12-01 20:53:26.552507+00	237	card+3.jpg	1	[{"added": {}}]	9	1
247	2024-12-01 20:54:07.384849+00	164	moana+2.m3u8	1	[{"added": {}}]	15	1
248	2024-12-01 20:55:23.649748+00	77	Moana 2	1	[{"added": {}}]	16	1
249	2024-12-01 21:11:00.991245+00	165	moana%2B2.m3u8	1	[{"added": {}}]	15	1
250	2024-12-01 21:11:06.520405+00	77	Moana 2	2	[{"changed": {"fields": ["Contents"]}}]	16	1
\.


--
-- Data for Name: django_content_type; Type: TABLE DATA; Schema: public; Owner: postgres
--

COPY public.django_content_type (id, app_label, model) FROM stdin;
1	admin	logentry
2	auth	permission
3	auth	group
4	contenttypes	contenttype
5	sessions	session
6	http	user
7	http	smsconfirm
8	accounts	resettoken
9	content	cadr
10	content	categoryitem
11	content	categorylist
12	content	genreitem
13	content	genrelist
14	content	tag
15	content	videocontent
16	content	content
17	content	istoryvideo
18	content	istory
19	content	breaksitem
20	content	breaklist
\.


--
-- Data for Name: django_migrations; Type: TABLE DATA; Schema: public; Owner: postgres
--

COPY public.django_migrations (id, app, name, applied) FROM stdin;
1	contenttypes	0001_initial	2024-10-20 10:43:52.093159+00
2	contenttypes	0002_remove_content_type_name	2024-10-20 10:43:52.191615+00
3	auth	0001_initial	2024-10-20 10:43:53.75202+00
4	auth	0002_alter_permission_name_max_length	2024-10-20 10:43:53.782978+00
5	auth	0003_alter_user_email_max_length	2024-10-20 10:43:53.809976+00
6	auth	0004_alter_user_username_opts	2024-10-20 10:43:53.865336+00
7	auth	0005_alter_user_last_login_null	2024-10-20 10:43:53.918998+00
8	auth	0006_require_contenttypes_0002	2024-10-20 10:43:53.933911+00
9	auth	0007_alter_validators_add_error_messages	2024-10-20 10:43:53.979887+00
10	auth	0008_alter_user_username_max_length	2024-10-20 10:43:54.021752+00
11	auth	0009_alter_user_last_name_max_length	2024-10-20 10:43:54.056708+00
12	auth	0010_alter_group_name_max_length	2024-10-20 10:43:54.118228+00
13	auth	0011_update_proxy_permissions	2024-10-20 10:43:54.157832+00
14	auth	0012_alter_user_first_name_max_length	2024-10-20 10:43:54.198437+00
15	http	0001_initial	2024-10-20 10:43:54.862065+00
16	accounts	0001_initial	2024-10-20 10:43:55.107216+00
17	admin	0001_initial	2024-10-20 10:43:55.47218+00
18	admin	0002_logentry_remove_auto_add	2024-10-20 10:43:55.54312+00
19	admin	0003_logentry_add_action_flag_choices	2024-10-20 10:43:55.59218+00
20	sessions	0001_initial	2024-10-20 10:43:55.835232+00
21	content	0001_initial	2024-10-21 09:11:25.70904+00
\.


--
-- Data for Name: django_session; Type: TABLE DATA; Schema: public; Owner: postgres
--

COPY public.django_session (session_key, session_data, expire_date) FROM stdin;
xpqiqousbexikrsebmrqxet4rq4p4v0w	.eJxVjEEOwiAQRe_C2pCBQqEu3XsGMjCDVA0kpV0Z765NutDtf-_9lwi4rSVsnZcwkzgLJU6_W8T04LoDumO9NZlaXZc5yl2RB-3y2oifl8P9OyjYy7eOKpLTlMCyYpU5Wx2NtZMD7YEGxlGTH50nkymxQ4iW_ERgIKUhI4j3B_iqOIU:1t4hbv:KalkE4kqb_5NmrjAh9msLWNluZ9Ww0EENPi7CZdJA3M	2024-11-09 14:17:47.059864+00
lbu8xvguujaviroqe80cu4sum8nfg2c3	.eJxVjEEOwiAQRe_C2pCBQqEu3XsGMjCDVA0kpV0Z765NutDtf-_9lwi4rSVsnZcwkzgLJU6_W8T04LoDumO9NZlaXZc5yl2RB-3y2oifl8P9OyjYy7eOKpLTlMCyYpU5Wx2NtZMD7YEGxlGTH50nkymxQ4iW_ERgIKUhI4j3B_iqOIU:1t4hca:TfKMCGwpKzOSd6zPfhlQJEof-T1dShdDaw7lcUeOeX0	2024-11-09 14:18:28.948417+00
yigbtv84qjk7l6wm2vmharkr1u4aqrjg	.eJxVjEEOwiAQRe_C2pCBQqEu3XsGMjCDVA0kpV0Z765NutDtf-_9lwi4rSVsnZcwkzgLJU6_W8T04LoDumO9NZlaXZc5yl2RB-3y2oifl8P9OyjYy7eOKpLTlMCyYpU5Wx2NtZMD7YEGxlGTH50nkymxQ4iW_ERgIKUhI4j3B_iqOIU:1t9sMF:VNxmBsddW3peEcoWTDbd5lvaBhJBT0ATktMNOLjcZJ8	2024-11-23 20:46:59.839975+00
w7uoumu9apqgaettm6493r139vwtvnu8	.eJxVjEEOwiAQRe_C2pCBQqEu3XsGMjCDVA0kpV0Z765NutDtf-_9lwi4rSVsnZcwkzgLJU6_W8T04LoDumO9NZlaXZc5yl2RB-3y2oifl8P9OyjYy7eOKpLTlMCyYpU5Wx2NtZMD7YEGxlGTH50nkymxQ4iW_ERgIKUhI4j3B_iqOIU:1t9sMH:ShnLgglFA4XaDYBRh5vIcgZe_5zcM045UM81jQOsYDo	2024-11-23 20:47:01.33558+00
81oloxkv463h3l55ofqlvw9dl16dn2q2	.eJxVjEEOwiAQRe_C2pCBQqEu3XsGMjCDVA0kpV0Z765NutDtf-_9lwi4rSVsnZcwkzgLJU6_W8T04LoDumO9NZlaXZc5yl2RB-3y2oifl8P9OyjYy7eOKpLTlMCyYpU5Wx2NtZMD7YEGxlGTH50nkymxQ4iW_ERgIKUhI4j3B_iqOIU:1tCBQB:4OX25Ln53hawtsP_-ab6QMSiEhab4Wtp0VVmzOe_sg0	2024-11-30 05:32:35.43126+00
90ee0dwhy8x8dmwtp2yt17ph47j2ysnt	.eJxVjEEOwiAQRe_C2pCBQqEu3XsGMjCDVA0kpV0Z765NutDtf-_9lwi4rSVsnZcwkzgLJU6_W8T04LoDumO9NZlaXZc5yl2RB-3y2oifl8P9OyjYy7eOKpLTlMCyYpU5Wx2NtZMD7YEGxlGTH50nkymxQ4iW_ERgIKUhI4j3B_iqOIU:1tCBQC:E4pCPvwbjvMotToVjjJxR_YTx5BDB2RqZ5CkmrMpt1I	2024-11-30 05:32:36.15568+00
fbxq6ro3ic63xwcg0jh265jj3kl79kos	.eJxVjEEOwiAQRe_C2pCBQqEu3XsGMjCDVA0kpV0Z765NutDtf-_9lwi4rSVsnZcwkzgLJU6_W8T04LoDumO9NZlaXZc5yl2RB-3y2oifl8P9OyjYy7eOKpLTlMCyYpU5Wx2NtZMD7YEGxlGTH50nkymxQ4iW_ERgIKUhI4j3B_iqOIU:1tClU1:l6884dP1Db938o9DcBWNicdCwkZbePVNVoXhGgn2OJk	2024-12-01 20:02:57.401873+00
qtlj53hp7g1eoxwl3o0zvxd218vv8bct	.eJxVjEEOwiAQRe_C2pCBQqEu3XsGMjCDVA0kpV0Z765NutDtf-_9lwi4rSVsnZcwkzgLJU6_W8T04LoDumO9NZlaXZc5yl2RB-3y2oifl8P9OyjYy7eOKpLTlMCyYpU5Wx2NtZMD7YEGxlGTH50nkymxQ4iW_ERgIKUhI4j3B_iqOIU:1tF7RI:Lh7vHFkr73rFuPHujvee8X-3rc3GVzJtMF0fNRv94oY	2024-12-08 07:53:52.574098+00
jyswl4ufins2z21lixqaymuqlse6dwln	.eJxVjEEOwiAQRe_C2pCBQqEu3XsGMjCDVA0kpV0Z765NutDtf-_9lwi4rSVsnZcwkzgLJU6_W8T04LoDumO9NZlaXZc5yl2RB-3y2oifl8P9OyjYy7eOKpLTlMCyYpU5Wx2NtZMD7YEGxlGTH50nkymxQ4iW_ERgIKUhI4j3B_iqOIU:1tHqqn:SevbDJOsfMut9npq9QGg7AeMqyWUg8UC5UylM1UdgXA	2024-12-15 20:47:29.522619+00
wq81tpyildul91erjd7bzksshb45ynz0	.eJxVjEEOwiAQRe_C2pCBQqEu3XsGMjCDVA0kpV0Z765NutDtf-_9lwi4rSVsnZcwkzgLJU6_W8T04LoDumO9NZlaXZc5yl2RB-3y2oifl8P9OyjYy7eOKpLTlMCyYpU5Wx2NtZMD7YEGxlGTH50nkymxQ4iW_ERgIKUhI4j3B_iqOIU:1tHqqo:xfCg3CMj0I282fnwdzQmf4xDU9d3Daay-nSvBJgQflg	2024-12-15 20:47:30.475219+00
mdlyqb2w7vpdtqhh1ayx7ir2z9o6kcqt	.eJxVjMsOwiAURP-FtSGlXFLq0r3fQO4DpGogKe2q8d9tky50N5lzZjYVcF1yWFucwyTqqqy6_HaE_IrlAPLE8qiaa1nmifSh6JM2fa8S37fT_TvI2PK-9omIjQOJLhnvcBDpAJxwwsFKLyRMGNmM5IjSyB30nsHynsgCGPX5AiKrOT8:1tI4mW:3NmOIHi1ULtjyHJbOE8t_x3cJiX6CWZ0FdXWZYjau5g	2024-12-16 11:40:00.257998+00
\.


--
-- Data for Name: http_smsconfirm; Type: TABLE DATA; Schema: public; Owner: postgres
--

COPY public.http_smsconfirm (id, created_at, updated_at, code, try_count, resend_count, phone, expire_time, unlock_time, resend_unlock_time) FROM stdin;
\.


--
-- Data for Name: http_user; Type: TABLE DATA; Schema: public; Owner: postgres
--

COPY public.http_user (id, password, last_login, is_superuser, first_name, last_name, email, is_staff, is_active, date_joined, phone, username, created_at, updated_at, validated_at, role) FROM stdin;
2	pbkdf2_sha256$870000$QhEB04lY2U8odTrMvETlLk$urOm1TZC1AEi34Zos+7ZU9zitPnLI5ORsjQiruLdQfo=	\N	f	Muhiddin	Kabraliev		f	t	2024-11-22 16:06:34.310666+00	+998905650213	\N	2024-11-22 16:06:34.310995+00	2024-11-22 16:07:35.401214+00	2024-11-22 16:07:35.401077+00	user
1	pbkdf2_sha256$870000$whMPu6OyHwf2Hrmk4sWCeA$HGbnYpqTAjzBmknvygJW8ZwGISF2+h5hdlUDas2fHb4=	2024-12-01 20:47:30.463069+00	t				t	t	2024-10-26 14:17:24.925984+00	SeeznMax	\N	2024-10-26 14:17:26.21618+00	2024-10-26 14:17:26.216199+00	\N	user
3	pbkdf2_sha256$870000$NENCxlUj6K0Be1fKp6q3EO$I1AnzApWR/35pXYyJF8bSqnHL42n3PRRPDBYVBunkf4=	2024-12-02 11:40:00.239131+00	t			admin@jscorp.uz	t	t	2024-12-02 11:39:52.331635+00	998888112309	\N	2024-12-02 11:39:53.632622+00	2024-12-02 11:39:53.63264+00	\N	user
\.


--
-- Data for Name: http_user_groups; Type: TABLE DATA; Schema: public; Owner: postgres
--

COPY public.http_user_groups (id, user_id, group_id) FROM stdin;
\.


--
-- Data for Name: http_user_user_permissions; Type: TABLE DATA; Schema: public; Owner: postgres
--

COPY public.http_user_user_permissions (id, user_id, permission_id) FROM stdin;
\.


--
-- Name: accounts_resettoken_id_seq; Type: SEQUENCE SET; Schema: public; Owner: postgres
--

SELECT pg_catalog.setval('public.accounts_resettoken_id_seq', 1, false);


--
-- Name: auth_group_id_seq; Type: SEQUENCE SET; Schema: public; Owner: postgres
--

SELECT pg_catalog.setval('public.auth_group_id_seq', 1, false);


--
-- Name: auth_group_permissions_id_seq; Type: SEQUENCE SET; Schema: public; Owner: postgres
--

SELECT pg_catalog.setval('public.auth_group_permissions_id_seq', 1, false);


--
-- Name: auth_permission_id_seq; Type: SEQUENCE SET; Schema: public; Owner: postgres
--

SELECT pg_catalog.setval('public.auth_permission_id_seq', 80, true);


--
-- Name: content_breaklist_id_seq; Type: SEQUENCE SET; Schema: public; Owner: postgres
--

SELECT pg_catalog.setval('public.content_breaklist_id_seq', 1, false);


--
-- Name: content_breaklist_item_id_seq; Type: SEQUENCE SET; Schema: public; Owner: postgres
--

SELECT pg_catalog.setval('public.content_breaklist_item_id_seq', 1, false);


--
-- Name: content_breaksitem_id_seq; Type: SEQUENCE SET; Schema: public; Owner: postgres
--

SELECT pg_catalog.setval('public.content_breaksitem_id_seq', 1, false);


--
-- Name: content_cadr_id_seq; Type: SEQUENCE SET; Schema: public; Owner: postgres
--

SELECT pg_catalog.setval('public.content_cadr_id_seq', 237, true);


--
-- Name: content_categoryitem_id_seq; Type: SEQUENCE SET; Schema: public; Owner: postgres
--

SELECT pg_catalog.setval('public.content_categoryitem_id_seq', 10, true);


--
-- Name: content_categorylist_id_seq; Type: SEQUENCE SET; Schema: public; Owner: postgres
--

SELECT pg_catalog.setval('public.content_categorylist_id_seq', 12, true);


--
-- Name: content_content_category_id_seq; Type: SEQUENCE SET; Schema: public; Owner: postgres
--

SELECT pg_catalog.setval('public.content_content_category_id_seq', 68, true);


--
-- Name: content_content_chronology_id_seq; Type: SEQUENCE SET; Schema: public; Owner: postgres
--

SELECT pg_catalog.setval('public.content_content_chronology_id_seq', 1, false);


--
-- Name: content_content_contents_id_seq; Type: SEQUENCE SET; Schema: public; Owner: postgres
--

SELECT pg_catalog.setval('public.content_content_contents_id_seq', 128, true);


--
-- Name: content_content_genre_id_seq; Type: SEQUENCE SET; Schema: public; Owner: postgres
--

SELECT pg_catalog.setval('public.content_content_genre_id_seq', 251, true);


--
-- Name: content_content_id_seq; Type: SEQUENCE SET; Schema: public; Owner: postgres
--

SELECT pg_catalog.setval('public.content_content_id_seq', 77, true);


--
-- Name: content_content_kadrs_id_seq; Type: SEQUENCE SET; Schema: public; Owner: postgres
--

SELECT pg_catalog.setval('public.content_content_kadrs_id_seq', 210, true);


--
-- Name: content_content_ova_id_seq; Type: SEQUENCE SET; Schema: public; Owner: postgres
--

SELECT pg_catalog.setval('public.content_content_ova_id_seq', 1, false);


--
-- Name: content_content_tags_id_seq; Type: SEQUENCE SET; Schema: public; Owner: postgres
--

SELECT pg_catalog.setval('public.content_content_tags_id_seq', 264, true);


--
-- Name: content_genreitem_id_seq; Type: SEQUENCE SET; Schema: public; Owner: postgres
--

SELECT pg_catalog.setval('public.content_genreitem_id_seq', 25, true);


--
-- Name: content_genrelist_id_seq; Type: SEQUENCE SET; Schema: public; Owner: postgres
--

SELECT pg_catalog.setval('public.content_genrelist_id_seq', 25, true);


--
-- Name: content_istory_id_seq; Type: SEQUENCE SET; Schema: public; Owner: postgres
--

SELECT pg_catalog.setval('public.content_istory_id_seq', 6, true);


--
-- Name: content_istory_videos_id_seq; Type: SEQUENCE SET; Schema: public; Owner: postgres
--

SELECT pg_catalog.setval('public.content_istory_videos_id_seq', 7, true);


--
-- Name: content_istoryvideo_id_seq; Type: SEQUENCE SET; Schema: public; Owner: postgres
--

SELECT pg_catalog.setval('public.content_istoryvideo_id_seq', 7, true);


--
-- Name: content_tag_id_seq; Type: SEQUENCE SET; Schema: public; Owner: postgres
--

SELECT pg_catalog.setval('public.content_tag_id_seq', 180, true);


--
-- Name: content_videocontent_id_seq; Type: SEQUENCE SET; Schema: public; Owner: postgres
--

SELECT pg_catalog.setval('public.content_videocontent_id_seq', 165, true);


--
-- Name: django_admin_log_id_seq; Type: SEQUENCE SET; Schema: public; Owner: postgres
--

SELECT pg_catalog.setval('public.django_admin_log_id_seq', 250, true);


--
-- Name: django_content_type_id_seq; Type: SEQUENCE SET; Schema: public; Owner: postgres
--

SELECT pg_catalog.setval('public.django_content_type_id_seq', 20, true);


--
-- Name: django_migrations_id_seq; Type: SEQUENCE SET; Schema: public; Owner: postgres
--

SELECT pg_catalog.setval('public.django_migrations_id_seq', 53, true);


--
-- Name: http_smsconfirm_id_seq; Type: SEQUENCE SET; Schema: public; Owner: postgres
--

SELECT pg_catalog.setval('public.http_smsconfirm_id_seq', 1, true);


--
-- Name: http_user_groups_id_seq; Type: SEQUENCE SET; Schema: public; Owner: postgres
--

SELECT pg_catalog.setval('public.http_user_groups_id_seq', 1, false);


--
-- Name: http_user_id_seq; Type: SEQUENCE SET; Schema: public; Owner: postgres
--

SELECT pg_catalog.setval('public.http_user_id_seq', 3, true);


--
-- Name: http_user_user_permissions_id_seq; Type: SEQUENCE SET; Schema: public; Owner: postgres
--

SELECT pg_catalog.setval('public.http_user_user_permissions_id_seq', 1, false);


--
-- Name: accounts_resettoken accounts_resettoken_pkey; Type: CONSTRAINT; Schema: public; Owner: postgres
--

ALTER TABLE ONLY public.accounts_resettoken
    ADD CONSTRAINT accounts_resettoken_pkey PRIMARY KEY (id);


--
-- Name: accounts_resettoken accounts_resettoken_token_key; Type: CONSTRAINT; Schema: public; Owner: postgres
--

ALTER TABLE ONLY public.accounts_resettoken
    ADD CONSTRAINT accounts_resettoken_token_key UNIQUE (token);


--
-- Name: auth_group auth_group_name_key; Type: CONSTRAINT; Schema: public; Owner: postgres
--

ALTER TABLE ONLY public.auth_group
    ADD CONSTRAINT auth_group_name_key UNIQUE (name);


--
-- Name: auth_group_permissions auth_group_permissions_group_id_permission_id_0cd325b0_uniq; Type: CONSTRAINT; Schema: public; Owner: postgres
--

ALTER TABLE ONLY public.auth_group_permissions
    ADD CONSTRAINT auth_group_permissions_group_id_permission_id_0cd325b0_uniq UNIQUE (group_id, permission_id);


--
-- Name: auth_group_permissions auth_group_permissions_pkey; Type: CONSTRAINT; Schema: public; Owner: postgres
--

ALTER TABLE ONLY public.auth_group_permissions
    ADD CONSTRAINT auth_group_permissions_pkey PRIMARY KEY (id);


--
-- Name: auth_group auth_group_pkey; Type: CONSTRAINT; Schema: public; Owner: postgres
--

ALTER TABLE ONLY public.auth_group
    ADD CONSTRAINT auth_group_pkey PRIMARY KEY (id);


--
-- Name: auth_permission auth_permission_content_type_id_codename_01ab375a_uniq; Type: CONSTRAINT; Schema: public; Owner: postgres
--

ALTER TABLE ONLY public.auth_permission
    ADD CONSTRAINT auth_permission_content_type_id_codename_01ab375a_uniq UNIQUE (content_type_id, codename);


--
-- Name: auth_permission auth_permission_pkey; Type: CONSTRAINT; Schema: public; Owner: postgres
--

ALTER TABLE ONLY public.auth_permission
    ADD CONSTRAINT auth_permission_pkey PRIMARY KEY (id);


--
-- Name: content_breaklist_item content_breaklist_item_breaklist_id_breaksitem_id_6debea76_uniq; Type: CONSTRAINT; Schema: public; Owner: postgres
--

ALTER TABLE ONLY public.content_breaklist_item
    ADD CONSTRAINT content_breaklist_item_breaklist_id_breaksitem_id_6debea76_uniq UNIQUE (breaklist_id, breaksitem_id);


--
-- Name: content_breaklist_item content_breaklist_item_pkey; Type: CONSTRAINT; Schema: public; Owner: postgres
--

ALTER TABLE ONLY public.content_breaklist_item
    ADD CONSTRAINT content_breaklist_item_pkey PRIMARY KEY (id);


--
-- Name: content_breaklist content_breaklist_pkey; Type: CONSTRAINT; Schema: public; Owner: postgres
--

ALTER TABLE ONLY public.content_breaklist
    ADD CONSTRAINT content_breaklist_pkey PRIMARY KEY (id);


--
-- Name: content_breaksitem content_breaksitem_pkey; Type: CONSTRAINT; Schema: public; Owner: postgres
--

ALTER TABLE ONLY public.content_breaksitem
    ADD CONSTRAINT content_breaksitem_pkey PRIMARY KEY (id);


--
-- Name: content_cadr content_cadr_cadr_key; Type: CONSTRAINT; Schema: public; Owner: postgres
--

ALTER TABLE ONLY public.content_cadr
    ADD CONSTRAINT content_cadr_cadr_key UNIQUE (cadr);


--
-- Name: content_cadr content_cadr_pkey; Type: CONSTRAINT; Schema: public; Owner: postgres
--

ALTER TABLE ONLY public.content_cadr
    ADD CONSTRAINT content_cadr_pkey PRIMARY KEY (id);


--
-- Name: content_categoryitem content_categoryitem_item_key; Type: CONSTRAINT; Schema: public; Owner: postgres
--

ALTER TABLE ONLY public.content_categoryitem
    ADD CONSTRAINT content_categoryitem_item_key UNIQUE (item);


--
-- Name: content_categoryitem content_categoryitem_pkey; Type: CONSTRAINT; Schema: public; Owner: postgres
--

ALTER TABLE ONLY public.content_categoryitem
    ADD CONSTRAINT content_categoryitem_pkey PRIMARY KEY (id);


--
-- Name: content_categorylist content_categorylist_category_id_key; Type: CONSTRAINT; Schema: public; Owner: postgres
--

ALTER TABLE ONLY public.content_categorylist
    ADD CONSTRAINT content_categorylist_category_id_key UNIQUE (category_id);


--
-- Name: content_categorylist content_categorylist_pkey; Type: CONSTRAINT; Schema: public; Owner: postgres
--

ALTER TABLE ONLY public.content_categorylist
    ADD CONSTRAINT content_categorylist_pkey PRIMARY KEY (id);


--
-- Name: content_content_category content_content_category_content_id_categorylist__a86bc6d9_uniq; Type: CONSTRAINT; Schema: public; Owner: postgres
--

ALTER TABLE ONLY public.content_content_category
    ADD CONSTRAINT content_content_category_content_id_categorylist__a86bc6d9_uniq UNIQUE (content_id, categorylist_id);


--
-- Name: content_content_category content_content_category_pkey; Type: CONSTRAINT; Schema: public; Owner: postgres
--

ALTER TABLE ONLY public.content_content_category
    ADD CONSTRAINT content_content_category_pkey PRIMARY KEY (id);


--
-- Name: content_content_chronology content_content_chronolo_content_id_videocontent__eefde792_uniq; Type: CONSTRAINT; Schema: public; Owner: postgres
--

ALTER TABLE ONLY public.content_content_chronology
    ADD CONSTRAINT content_content_chronolo_content_id_videocontent__eefde792_uniq UNIQUE (content_id, videocontent_id);


--
-- Name: content_content_chronology content_content_chronology_pkey; Type: CONSTRAINT; Schema: public; Owner: postgres
--

ALTER TABLE ONLY public.content_content_chronology
    ADD CONSTRAINT content_content_chronology_pkey PRIMARY KEY (id);


--
-- Name: content_content_contents content_content_contents_content_id_videocontent__39e5ebfa_uniq; Type: CONSTRAINT; Schema: public; Owner: postgres
--

ALTER TABLE ONLY public.content_content_contents
    ADD CONSTRAINT content_content_contents_content_id_videocontent__39e5ebfa_uniq UNIQUE (content_id, videocontent_id);


--
-- Name: content_content_contents content_content_contents_pkey; Type: CONSTRAINT; Schema: public; Owner: postgres
--

ALTER TABLE ONLY public.content_content_contents
    ADD CONSTRAINT content_content_contents_pkey PRIMARY KEY (id);


--
-- Name: content_content_genre content_content_genre_content_id_genrelist_id_b9487fd7_uniq; Type: CONSTRAINT; Schema: public; Owner: postgres
--

ALTER TABLE ONLY public.content_content_genre
    ADD CONSTRAINT content_content_genre_content_id_genrelist_id_b9487fd7_uniq UNIQUE (content_id, genrelist_id);


--
-- Name: content_content_genre content_content_genre_pkey; Type: CONSTRAINT; Schema: public; Owner: postgres
--

ALTER TABLE ONLY public.content_content_genre
    ADD CONSTRAINT content_content_genre_pkey PRIMARY KEY (id);


--
-- Name: content_content_kadrs content_content_kadrs_content_id_cadr_id_2d1ddbb0_uniq; Type: CONSTRAINT; Schema: public; Owner: postgres
--

ALTER TABLE ONLY public.content_content_kadrs
    ADD CONSTRAINT content_content_kadrs_content_id_cadr_id_2d1ddbb0_uniq UNIQUE (content_id, cadr_id);


--
-- Name: content_content_kadrs content_content_kadrs_pkey; Type: CONSTRAINT; Schema: public; Owner: postgres
--

ALTER TABLE ONLY public.content_content_kadrs
    ADD CONSTRAINT content_content_kadrs_pkey PRIMARY KEY (id);


--
-- Name: content_content_ova content_content_ova_content_id_videocontent_id_de37a3ef_uniq; Type: CONSTRAINT; Schema: public; Owner: postgres
--

ALTER TABLE ONLY public.content_content_ova
    ADD CONSTRAINT content_content_ova_content_id_videocontent_id_de37a3ef_uniq UNIQUE (content_id, videocontent_id);


--
-- Name: content_content_ova content_content_ova_pkey; Type: CONSTRAINT; Schema: public; Owner: postgres
--

ALTER TABLE ONLY public.content_content_ova
    ADD CONSTRAINT content_content_ova_pkey PRIMARY KEY (id);


--
-- Name: content_content content_content_pkey; Type: CONSTRAINT; Schema: public; Owner: postgres
--

ALTER TABLE ONLY public.content_content
    ADD CONSTRAINT content_content_pkey PRIMARY KEY (id);


--
-- Name: content_content_tags content_content_tags_content_id_tag_id_01210254_uniq; Type: CONSTRAINT; Schema: public; Owner: postgres
--

ALTER TABLE ONLY public.content_content_tags
    ADD CONSTRAINT content_content_tags_content_id_tag_id_01210254_uniq UNIQUE (content_id, tag_id);


--
-- Name: content_content_tags content_content_tags_pkey; Type: CONSTRAINT; Schema: public; Owner: postgres
--

ALTER TABLE ONLY public.content_content_tags
    ADD CONSTRAINT content_content_tags_pkey PRIMARY KEY (id);


--
-- Name: content_genreitem content_genreitem_item_key; Type: CONSTRAINT; Schema: public; Owner: postgres
--

ALTER TABLE ONLY public.content_genreitem
    ADD CONSTRAINT content_genreitem_item_key UNIQUE (item);


--
-- Name: content_genreitem content_genreitem_pkey; Type: CONSTRAINT; Schema: public; Owner: postgres
--

ALTER TABLE ONLY public.content_genreitem
    ADD CONSTRAINT content_genreitem_pkey PRIMARY KEY (id);


--
-- Name: content_genrelist content_genrelist_genre_id_key; Type: CONSTRAINT; Schema: public; Owner: postgres
--

ALTER TABLE ONLY public.content_genrelist
    ADD CONSTRAINT content_genrelist_genre_id_key UNIQUE (genre_id);


--
-- Name: content_genrelist content_genrelist_pkey; Type: CONSTRAINT; Schema: public; Owner: postgres
--

ALTER TABLE ONLY public.content_genrelist
    ADD CONSTRAINT content_genrelist_pkey PRIMARY KEY (id);


--
-- Name: content_istory content_istory_pkey; Type: CONSTRAINT; Schema: public; Owner: postgres
--

ALTER TABLE ONLY public.content_istory
    ADD CONSTRAINT content_istory_pkey PRIMARY KEY (id);


--
-- Name: content_istory_videos content_istory_videos_istory_id_istoryvideo_id_6b2a1203_uniq; Type: CONSTRAINT; Schema: public; Owner: postgres
--

ALTER TABLE ONLY public.content_istory_videos
    ADD CONSTRAINT content_istory_videos_istory_id_istoryvideo_id_6b2a1203_uniq UNIQUE (istory_id, istoryvideo_id);


--
-- Name: content_istory_videos content_istory_videos_pkey; Type: CONSTRAINT; Schema: public; Owner: postgres
--

ALTER TABLE ONLY public.content_istory_videos
    ADD CONSTRAINT content_istory_videos_pkey PRIMARY KEY (id);


--
-- Name: content_istoryvideo content_istoryvideo_pkey; Type: CONSTRAINT; Schema: public; Owner: postgres
--

ALTER TABLE ONLY public.content_istoryvideo
    ADD CONSTRAINT content_istoryvideo_pkey PRIMARY KEY (id);


--
-- Name: content_tag content_tag_pkey; Type: CONSTRAINT; Schema: public; Owner: postgres
--

ALTER TABLE ONLY public.content_tag
    ADD CONSTRAINT content_tag_pkey PRIMARY KEY (id);


--
-- Name: content_tag content_tag_tag_key; Type: CONSTRAINT; Schema: public; Owner: postgres
--

ALTER TABLE ONLY public.content_tag
    ADD CONSTRAINT content_tag_tag_key UNIQUE (tag);


--
-- Name: content_videocontent content_videocontent_pkey; Type: CONSTRAINT; Schema: public; Owner: postgres
--

ALTER TABLE ONLY public.content_videocontent
    ADD CONSTRAINT content_videocontent_pkey PRIMARY KEY (id);


--
-- Name: django_admin_log django_admin_log_pkey; Type: CONSTRAINT; Schema: public; Owner: postgres
--

ALTER TABLE ONLY public.django_admin_log
    ADD CONSTRAINT django_admin_log_pkey PRIMARY KEY (id);


--
-- Name: django_content_type django_content_type_app_label_model_76bd3d3b_uniq; Type: CONSTRAINT; Schema: public; Owner: postgres
--

ALTER TABLE ONLY public.django_content_type
    ADD CONSTRAINT django_content_type_app_label_model_76bd3d3b_uniq UNIQUE (app_label, model);


--
-- Name: django_content_type django_content_type_pkey; Type: CONSTRAINT; Schema: public; Owner: postgres
--

ALTER TABLE ONLY public.django_content_type
    ADD CONSTRAINT django_content_type_pkey PRIMARY KEY (id);


--
-- Name: django_migrations django_migrations_pkey; Type: CONSTRAINT; Schema: public; Owner: postgres
--

ALTER TABLE ONLY public.django_migrations
    ADD CONSTRAINT django_migrations_pkey PRIMARY KEY (id);


--
-- Name: django_session django_session_pkey; Type: CONSTRAINT; Schema: public; Owner: postgres
--

ALTER TABLE ONLY public.django_session
    ADD CONSTRAINT django_session_pkey PRIMARY KEY (session_key);


--
-- Name: http_smsconfirm http_smsconfirm_pkey; Type: CONSTRAINT; Schema: public; Owner: postgres
--

ALTER TABLE ONLY public.http_smsconfirm
    ADD CONSTRAINT http_smsconfirm_pkey PRIMARY KEY (id);


--
-- Name: http_user_groups http_user_groups_pkey; Type: CONSTRAINT; Schema: public; Owner: postgres
--

ALTER TABLE ONLY public.http_user_groups
    ADD CONSTRAINT http_user_groups_pkey PRIMARY KEY (id);


--
-- Name: http_user_groups http_user_groups_user_id_group_id_e978a430_uniq; Type: CONSTRAINT; Schema: public; Owner: postgres
--

ALTER TABLE ONLY public.http_user_groups
    ADD CONSTRAINT http_user_groups_user_id_group_id_e978a430_uniq UNIQUE (user_id, group_id);


--
-- Name: http_user http_user_phone_key; Type: CONSTRAINT; Schema: public; Owner: postgres
--

ALTER TABLE ONLY public.http_user
    ADD CONSTRAINT http_user_phone_key UNIQUE (phone);


--
-- Name: http_user http_user_pkey; Type: CONSTRAINT; Schema: public; Owner: postgres
--

ALTER TABLE ONLY public.http_user
    ADD CONSTRAINT http_user_pkey PRIMARY KEY (id);


--
-- Name: http_user_user_permissions http_user_user_permissions_pkey; Type: CONSTRAINT; Schema: public; Owner: postgres
--

ALTER TABLE ONLY public.http_user_user_permissions
    ADD CONSTRAINT http_user_user_permissions_pkey PRIMARY KEY (id);


--
-- Name: http_user_user_permissions http_user_user_permissions_user_id_permission_id_7f1c7b46_uniq; Type: CONSTRAINT; Schema: public; Owner: postgres
--

ALTER TABLE ONLY public.http_user_user_permissions
    ADD CONSTRAINT http_user_user_permissions_user_id_permission_id_7f1c7b46_uniq UNIQUE (user_id, permission_id);


--
-- Name: accounts_resettoken_token_dbe416ed_like; Type: INDEX; Schema: public; Owner: postgres
--

CREATE INDEX accounts_resettoken_token_dbe416ed_like ON public.accounts_resettoken USING btree (token varchar_pattern_ops);


--
-- Name: accounts_resettoken_user_id_c75fe424; Type: INDEX; Schema: public; Owner: postgres
--

CREATE INDEX accounts_resettoken_user_id_c75fe424 ON public.accounts_resettoken USING btree (user_id);


--
-- Name: auth_group_name_a6ea08ec_like; Type: INDEX; Schema: public; Owner: postgres
--

CREATE INDEX auth_group_name_a6ea08ec_like ON public.auth_group USING btree (name varchar_pattern_ops);


--
-- Name: auth_group_permissions_group_id_b120cbf9; Type: INDEX; Schema: public; Owner: postgres
--

CREATE INDEX auth_group_permissions_group_id_b120cbf9 ON public.auth_group_permissions USING btree (group_id);


--
-- Name: auth_group_permissions_permission_id_84c5c92e; Type: INDEX; Schema: public; Owner: postgres
--

CREATE INDEX auth_group_permissions_permission_id_84c5c92e ON public.auth_group_permissions USING btree (permission_id);


--
-- Name: auth_permission_content_type_id_2f476e4b; Type: INDEX; Schema: public; Owner: postgres
--

CREATE INDEX auth_permission_content_type_id_2f476e4b ON public.auth_permission USING btree (content_type_id);


--
-- Name: content_breaklist_item_breaklist_id_3b396cca; Type: INDEX; Schema: public; Owner: postgres
--

CREATE INDEX content_breaklist_item_breaklist_id_3b396cca ON public.content_breaklist_item USING btree (breaklist_id);


--
-- Name: content_breaklist_item_breaksitem_id_7d067e1f; Type: INDEX; Schema: public; Owner: postgres
--

CREATE INDEX content_breaklist_item_breaksitem_id_7d067e1f ON public.content_breaklist_item USING btree (breaksitem_id);


--
-- Name: content_breaksitem_break_item_id_6365f062; Type: INDEX; Schema: public; Owner: postgres
--

CREATE INDEX content_breaksitem_break_item_id_6365f062 ON public.content_breaksitem USING btree (break_item_id);


--
-- Name: content_cadr_cadr_379ccf7c_like; Type: INDEX; Schema: public; Owner: postgres
--

CREATE INDEX content_cadr_cadr_379ccf7c_like ON public.content_cadr USING btree (cadr varchar_pattern_ops);


--
-- Name: content_categoryitem_item_54b5ca5a_like; Type: INDEX; Schema: public; Owner: postgres
--

CREATE INDEX content_categoryitem_item_54b5ca5a_like ON public.content_categoryitem USING btree (item varchar_pattern_ops);


--
-- Name: content_content_category_categorylist_id_4609ce70; Type: INDEX; Schema: public; Owner: postgres
--

CREATE INDEX content_content_category_categorylist_id_4609ce70 ON public.content_content_category USING btree (categorylist_id);


--
-- Name: content_content_category_content_id_90ad7530; Type: INDEX; Schema: public; Owner: postgres
--

CREATE INDEX content_content_category_content_id_90ad7530 ON public.content_content_category USING btree (content_id);


--
-- Name: content_content_chronology_content_id_8e20a9d7; Type: INDEX; Schema: public; Owner: postgres
--

CREATE INDEX content_content_chronology_content_id_8e20a9d7 ON public.content_content_chronology USING btree (content_id);


--
-- Name: content_content_chronology_videocontent_id_f94eda16; Type: INDEX; Schema: public; Owner: postgres
--

CREATE INDEX content_content_chronology_videocontent_id_f94eda16 ON public.content_content_chronology USING btree (videocontent_id);


--
-- Name: content_content_contents_content_id_27565b9d; Type: INDEX; Schema: public; Owner: postgres
--

CREATE INDEX content_content_contents_content_id_27565b9d ON public.content_content_contents USING btree (content_id);


--
-- Name: content_content_contents_videocontent_id_bf6bb6a2; Type: INDEX; Schema: public; Owner: postgres
--

CREATE INDEX content_content_contents_videocontent_id_bf6bb6a2 ON public.content_content_contents USING btree (videocontent_id);


--
-- Name: content_content_genre_content_id_14dc610a; Type: INDEX; Schema: public; Owner: postgres
--

CREATE INDEX content_content_genre_content_id_14dc610a ON public.content_content_genre USING btree (content_id);


--
-- Name: content_content_genre_genrelist_id_3d889ee7; Type: INDEX; Schema: public; Owner: postgres
--

CREATE INDEX content_content_genre_genrelist_id_3d889ee7 ON public.content_content_genre USING btree (genrelist_id);


--
-- Name: content_content_kadrs_cadr_id_0ebb76e1; Type: INDEX; Schema: public; Owner: postgres
--

CREATE INDEX content_content_kadrs_cadr_id_0ebb76e1 ON public.content_content_kadrs USING btree (cadr_id);


--
-- Name: content_content_kadrs_content_id_c4037232; Type: INDEX; Schema: public; Owner: postgres
--

CREATE INDEX content_content_kadrs_content_id_c4037232 ON public.content_content_kadrs USING btree (content_id);


--
-- Name: content_content_ova_content_id_8bb2e2cf; Type: INDEX; Schema: public; Owner: postgres
--

CREATE INDEX content_content_ova_content_id_8bb2e2cf ON public.content_content_ova USING btree (content_id);


--
-- Name: content_content_ova_videocontent_id_db17d8fa; Type: INDEX; Schema: public; Owner: postgres
--

CREATE INDEX content_content_ova_videocontent_id_db17d8fa ON public.content_content_ova USING btree (videocontent_id);


--
-- Name: content_content_tags_content_id_8a648af8; Type: INDEX; Schema: public; Owner: postgres
--

CREATE INDEX content_content_tags_content_id_8a648af8 ON public.content_content_tags USING btree (content_id);


--
-- Name: content_content_tags_tag_id_ccfed829; Type: INDEX; Schema: public; Owner: postgres
--

CREATE INDEX content_content_tags_tag_id_ccfed829 ON public.content_content_tags USING btree (tag_id);


--
-- Name: content_genreitem_item_c4846bd2_like; Type: INDEX; Schema: public; Owner: postgres
--

CREATE INDEX content_genreitem_item_c4846bd2_like ON public.content_genreitem USING btree (item varchar_pattern_ops);


--
-- Name: content_istory_content_id_580e422b; Type: INDEX; Schema: public; Owner: postgres
--

CREATE INDEX content_istory_content_id_580e422b ON public.content_istory USING btree (content_id);


--
-- Name: content_istory_videos_istory_id_ec78a98a; Type: INDEX; Schema: public; Owner: postgres
--

CREATE INDEX content_istory_videos_istory_id_ec78a98a ON public.content_istory_videos USING btree (istory_id);


--
-- Name: content_istory_videos_istoryvideo_id_32ee03e8; Type: INDEX; Schema: public; Owner: postgres
--

CREATE INDEX content_istory_videos_istoryvideo_id_32ee03e8 ON public.content_istory_videos USING btree (istoryvideo_id);


--
-- Name: content_tag_tag_56992c52_like; Type: INDEX; Schema: public; Owner: postgres
--

CREATE INDEX content_tag_tag_56992c52_like ON public.content_tag USING btree (tag varchar_pattern_ops);


--
-- Name: django_admin_log_content_type_id_c4bce8eb; Type: INDEX; Schema: public; Owner: postgres
--

CREATE INDEX django_admin_log_content_type_id_c4bce8eb ON public.django_admin_log USING btree (content_type_id);


--
-- Name: django_admin_log_user_id_c564eba6; Type: INDEX; Schema: public; Owner: postgres
--

CREATE INDEX django_admin_log_user_id_c564eba6 ON public.django_admin_log USING btree (user_id);


--
-- Name: django_session_expire_date_a5c62663; Type: INDEX; Schema: public; Owner: postgres
--

CREATE INDEX django_session_expire_date_a5c62663 ON public.django_session USING btree (expire_date);


--
-- Name: django_session_session_key_c0390e0f_like; Type: INDEX; Schema: public; Owner: postgres
--

CREATE INDEX django_session_session_key_c0390e0f_like ON public.django_session USING btree (session_key varchar_pattern_ops);


--
-- Name: http_user_groups_group_id_fba26875; Type: INDEX; Schema: public; Owner: postgres
--

CREATE INDEX http_user_groups_group_id_fba26875 ON public.http_user_groups USING btree (group_id);


--
-- Name: http_user_groups_user_id_42378680; Type: INDEX; Schema: public; Owner: postgres
--

CREATE INDEX http_user_groups_user_id_42378680 ON public.http_user_groups USING btree (user_id);


--
-- Name: http_user_phone_7b446a73_like; Type: INDEX; Schema: public; Owner: postgres
--

CREATE INDEX http_user_phone_7b446a73_like ON public.http_user USING btree (phone varchar_pattern_ops);


--
-- Name: http_user_user_permissions_permission_id_4b32a083; Type: INDEX; Schema: public; Owner: postgres
--

CREATE INDEX http_user_user_permissions_permission_id_4b32a083 ON public.http_user_user_permissions USING btree (permission_id);


--
-- Name: http_user_user_permissions_user_id_694ead28; Type: INDEX; Schema: public; Owner: postgres
--

CREATE INDEX http_user_user_permissions_user_id_694ead28 ON public.http_user_user_permissions USING btree (user_id);


--
-- Name: accounts_resettoken accounts_resettoken_user_id_c75fe424_fk_http_user_id; Type: FK CONSTRAINT; Schema: public; Owner: postgres
--

ALTER TABLE ONLY public.accounts_resettoken
    ADD CONSTRAINT accounts_resettoken_user_id_c75fe424_fk_http_user_id FOREIGN KEY (user_id) REFERENCES public.http_user(id) DEFERRABLE INITIALLY DEFERRED;


--
-- Name: auth_group_permissions auth_group_permissio_permission_id_84c5c92e_fk_auth_perm; Type: FK CONSTRAINT; Schema: public; Owner: postgres
--

ALTER TABLE ONLY public.auth_group_permissions
    ADD CONSTRAINT auth_group_permissio_permission_id_84c5c92e_fk_auth_perm FOREIGN KEY (permission_id) REFERENCES public.auth_permission(id) DEFERRABLE INITIALLY DEFERRED;


--
-- Name: auth_group_permissions auth_group_permissions_group_id_b120cbf9_fk_auth_group_id; Type: FK CONSTRAINT; Schema: public; Owner: postgres
--

ALTER TABLE ONLY public.auth_group_permissions
    ADD CONSTRAINT auth_group_permissions_group_id_b120cbf9_fk_auth_group_id FOREIGN KEY (group_id) REFERENCES public.auth_group(id) DEFERRABLE INITIALLY DEFERRED;


--
-- Name: auth_permission auth_permission_content_type_id_2f476e4b_fk_django_co; Type: FK CONSTRAINT; Schema: public; Owner: postgres
--

ALTER TABLE ONLY public.auth_permission
    ADD CONSTRAINT auth_permission_content_type_id_2f476e4b_fk_django_co FOREIGN KEY (content_type_id) REFERENCES public.django_content_type(id) DEFERRABLE INITIALLY DEFERRED;


--
-- Name: content_breaklist_item content_breaklist_it_breaklist_id_3b396cca_fk_content_b; Type: FK CONSTRAINT; Schema: public; Owner: postgres
--

ALTER TABLE ONLY public.content_breaklist_item
    ADD CONSTRAINT content_breaklist_it_breaklist_id_3b396cca_fk_content_b FOREIGN KEY (breaklist_id) REFERENCES public.content_breaklist(id) DEFERRABLE INITIALLY DEFERRED;


--
-- Name: content_breaklist_item content_breaklist_it_breaksitem_id_7d067e1f_fk_content_b; Type: FK CONSTRAINT; Schema: public; Owner: postgres
--

ALTER TABLE ONLY public.content_breaklist_item
    ADD CONSTRAINT content_breaklist_it_breaksitem_id_7d067e1f_fk_content_b FOREIGN KEY (breaksitem_id) REFERENCES public.content_breaksitem(id) DEFERRABLE INITIALLY DEFERRED;


--
-- Name: content_breaksitem content_breaksitem_break_item_id_6365f062_fk_content_content_id; Type: FK CONSTRAINT; Schema: public; Owner: postgres
--

ALTER TABLE ONLY public.content_breaksitem
    ADD CONSTRAINT content_breaksitem_break_item_id_6365f062_fk_content_content_id FOREIGN KEY (break_item_id) REFERENCES public.content_content(id) DEFERRABLE INITIALLY DEFERRED;


--
-- Name: content_categorylist content_categorylist_category_id_688cbf4c_fk_content_c; Type: FK CONSTRAINT; Schema: public; Owner: postgres
--

ALTER TABLE ONLY public.content_categorylist
    ADD CONSTRAINT content_categorylist_category_id_688cbf4c_fk_content_c FOREIGN KEY (category_id) REFERENCES public.content_categoryitem(id) DEFERRABLE INITIALLY DEFERRED;


--
-- Name: content_content_category content_content_cate_categorylist_id_4609ce70_fk_content_c; Type: FK CONSTRAINT; Schema: public; Owner: postgres
--

ALTER TABLE ONLY public.content_content_category
    ADD CONSTRAINT content_content_cate_categorylist_id_4609ce70_fk_content_c FOREIGN KEY (categorylist_id) REFERENCES public.content_categorylist(id) DEFERRABLE INITIALLY DEFERRED;


--
-- Name: content_content_category content_content_cate_content_id_90ad7530_fk_content_c; Type: FK CONSTRAINT; Schema: public; Owner: postgres
--

ALTER TABLE ONLY public.content_content_category
    ADD CONSTRAINT content_content_cate_content_id_90ad7530_fk_content_c FOREIGN KEY (content_id) REFERENCES public.content_content(id) DEFERRABLE INITIALLY DEFERRED;


--
-- Name: content_content_chronology content_content_chro_content_id_8e20a9d7_fk_content_c; Type: FK CONSTRAINT; Schema: public; Owner: postgres
--

ALTER TABLE ONLY public.content_content_chronology
    ADD CONSTRAINT content_content_chro_content_id_8e20a9d7_fk_content_c FOREIGN KEY (content_id) REFERENCES public.content_content(id) DEFERRABLE INITIALLY DEFERRED;


--
-- Name: content_content_chronology content_content_chro_videocontent_id_f94eda16_fk_content_v; Type: FK CONSTRAINT; Schema: public; Owner: postgres
--

ALTER TABLE ONLY public.content_content_chronology
    ADD CONSTRAINT content_content_chro_videocontent_id_f94eda16_fk_content_v FOREIGN KEY (videocontent_id) REFERENCES public.content_videocontent(id) DEFERRABLE INITIALLY DEFERRED;


--
-- Name: content_content_contents content_content_cont_content_id_27565b9d_fk_content_c; Type: FK CONSTRAINT; Schema: public; Owner: postgres
--

ALTER TABLE ONLY public.content_content_contents
    ADD CONSTRAINT content_content_cont_content_id_27565b9d_fk_content_c FOREIGN KEY (content_id) REFERENCES public.content_content(id) DEFERRABLE INITIALLY DEFERRED;


--
-- Name: content_content_contents content_content_cont_videocontent_id_bf6bb6a2_fk_content_v; Type: FK CONSTRAINT; Schema: public; Owner: postgres
--

ALTER TABLE ONLY public.content_content_contents
    ADD CONSTRAINT content_content_cont_videocontent_id_bf6bb6a2_fk_content_v FOREIGN KEY (videocontent_id) REFERENCES public.content_videocontent(id) DEFERRABLE INITIALLY DEFERRED;


--
-- Name: content_content_genre content_content_genr_genrelist_id_3d889ee7_fk_content_g; Type: FK CONSTRAINT; Schema: public; Owner: postgres
--

ALTER TABLE ONLY public.content_content_genre
    ADD CONSTRAINT content_content_genr_genrelist_id_3d889ee7_fk_content_g FOREIGN KEY (genrelist_id) REFERENCES public.content_genrelist(id) DEFERRABLE INITIALLY DEFERRED;


--
-- Name: content_content_genre content_content_genre_content_id_14dc610a_fk_content_content_id; Type: FK CONSTRAINT; Schema: public; Owner: postgres
--

ALTER TABLE ONLY public.content_content_genre
    ADD CONSTRAINT content_content_genre_content_id_14dc610a_fk_content_content_id FOREIGN KEY (content_id) REFERENCES public.content_content(id) DEFERRABLE INITIALLY DEFERRED;


--
-- Name: content_content_kadrs content_content_kadrs_cadr_id_0ebb76e1_fk_content_cadr_id; Type: FK CONSTRAINT; Schema: public; Owner: postgres
--

ALTER TABLE ONLY public.content_content_kadrs
    ADD CONSTRAINT content_content_kadrs_cadr_id_0ebb76e1_fk_content_cadr_id FOREIGN KEY (cadr_id) REFERENCES public.content_cadr(id) DEFERRABLE INITIALLY DEFERRED;


--
-- Name: content_content_kadrs content_content_kadrs_content_id_c4037232_fk_content_content_id; Type: FK CONSTRAINT; Schema: public; Owner: postgres
--

ALTER TABLE ONLY public.content_content_kadrs
    ADD CONSTRAINT content_content_kadrs_content_id_c4037232_fk_content_content_id FOREIGN KEY (content_id) REFERENCES public.content_content(id) DEFERRABLE INITIALLY DEFERRED;


--
-- Name: content_content_ova content_content_ova_content_id_8bb2e2cf_fk_content_content_id; Type: FK CONSTRAINT; Schema: public; Owner: postgres
--

ALTER TABLE ONLY public.content_content_ova
    ADD CONSTRAINT content_content_ova_content_id_8bb2e2cf_fk_content_content_id FOREIGN KEY (content_id) REFERENCES public.content_content(id) DEFERRABLE INITIALLY DEFERRED;


--
-- Name: content_content_ova content_content_ova_videocontent_id_db17d8fa_fk_content_v; Type: FK CONSTRAINT; Schema: public; Owner: postgres
--

ALTER TABLE ONLY public.content_content_ova
    ADD CONSTRAINT content_content_ova_videocontent_id_db17d8fa_fk_content_v FOREIGN KEY (videocontent_id) REFERENCES public.content_videocontent(id) DEFERRABLE INITIALLY DEFERRED;


--
-- Name: content_content_tags content_content_tags_content_id_8a648af8_fk_content_content_id; Type: FK CONSTRAINT; Schema: public; Owner: postgres
--

ALTER TABLE ONLY public.content_content_tags
    ADD CONSTRAINT content_content_tags_content_id_8a648af8_fk_content_content_id FOREIGN KEY (content_id) REFERENCES public.content_content(id) DEFERRABLE INITIALLY DEFERRED;


--
-- Name: content_content_tags content_content_tags_tag_id_ccfed829_fk_content_tag_id; Type: FK CONSTRAINT; Schema: public; Owner: postgres
--

ALTER TABLE ONLY public.content_content_tags
    ADD CONSTRAINT content_content_tags_tag_id_ccfed829_fk_content_tag_id FOREIGN KEY (tag_id) REFERENCES public.content_tag(id) DEFERRABLE INITIALLY DEFERRED;


--
-- Name: content_genrelist content_genrelist_genre_id_c52f3c76_fk_content_genreitem_id; Type: FK CONSTRAINT; Schema: public; Owner: postgres
--

ALTER TABLE ONLY public.content_genrelist
    ADD CONSTRAINT content_genrelist_genre_id_c52f3c76_fk_content_genreitem_id FOREIGN KEY (genre_id) REFERENCES public.content_genreitem(id) DEFERRABLE INITIALLY DEFERRED;


--
-- Name: content_istory content_istory_content_id_580e422b_fk_content_content_id; Type: FK CONSTRAINT; Schema: public; Owner: postgres
--

ALTER TABLE ONLY public.content_istory
    ADD CONSTRAINT content_istory_content_id_580e422b_fk_content_content_id FOREIGN KEY (content_id) REFERENCES public.content_content(id) DEFERRABLE INITIALLY DEFERRED;


--
-- Name: content_istory_videos content_istory_video_istoryvideo_id_32ee03e8_fk_content_i; Type: FK CONSTRAINT; Schema: public; Owner: postgres
--

ALTER TABLE ONLY public.content_istory_videos
    ADD CONSTRAINT content_istory_video_istoryvideo_id_32ee03e8_fk_content_i FOREIGN KEY (istoryvideo_id) REFERENCES public.content_istoryvideo(id) DEFERRABLE INITIALLY DEFERRED;


--
-- Name: content_istory_videos content_istory_videos_istory_id_ec78a98a_fk_content_istory_id; Type: FK CONSTRAINT; Schema: public; Owner: postgres
--

ALTER TABLE ONLY public.content_istory_videos
    ADD CONSTRAINT content_istory_videos_istory_id_ec78a98a_fk_content_istory_id FOREIGN KEY (istory_id) REFERENCES public.content_istory(id) DEFERRABLE INITIALLY DEFERRED;


--
-- Name: django_admin_log django_admin_log_content_type_id_c4bce8eb_fk_django_co; Type: FK CONSTRAINT; Schema: public; Owner: postgres
--

ALTER TABLE ONLY public.django_admin_log
    ADD CONSTRAINT django_admin_log_content_type_id_c4bce8eb_fk_django_co FOREIGN KEY (content_type_id) REFERENCES public.django_content_type(id) DEFERRABLE INITIALLY DEFERRED;


--
-- Name: django_admin_log django_admin_log_user_id_c564eba6_fk_http_user_id; Type: FK CONSTRAINT; Schema: public; Owner: postgres
--

ALTER TABLE ONLY public.django_admin_log
    ADD CONSTRAINT django_admin_log_user_id_c564eba6_fk_http_user_id FOREIGN KEY (user_id) REFERENCES public.http_user(id) DEFERRABLE INITIALLY DEFERRED;


--
-- Name: http_user_groups http_user_groups_group_id_fba26875_fk_auth_group_id; Type: FK CONSTRAINT; Schema: public; Owner: postgres
--

ALTER TABLE ONLY public.http_user_groups
    ADD CONSTRAINT http_user_groups_group_id_fba26875_fk_auth_group_id FOREIGN KEY (group_id) REFERENCES public.auth_group(id) DEFERRABLE INITIALLY DEFERRED;


--
-- Name: http_user_groups http_user_groups_user_id_42378680_fk_http_user_id; Type: FK CONSTRAINT; Schema: public; Owner: postgres
--

ALTER TABLE ONLY public.http_user_groups
    ADD CONSTRAINT http_user_groups_user_id_42378680_fk_http_user_id FOREIGN KEY (user_id) REFERENCES public.http_user(id) DEFERRABLE INITIALLY DEFERRED;


--
-- Name: http_user_user_permissions http_user_user_permi_permission_id_4b32a083_fk_auth_perm; Type: FK CONSTRAINT; Schema: public; Owner: postgres
--

ALTER TABLE ONLY public.http_user_user_permissions
    ADD CONSTRAINT http_user_user_permi_permission_id_4b32a083_fk_auth_perm FOREIGN KEY (permission_id) REFERENCES public.auth_permission(id) DEFERRABLE INITIALLY DEFERRED;


--
-- Name: http_user_user_permissions http_user_user_permissions_user_id_694ead28_fk_http_user_id; Type: FK CONSTRAINT; Schema: public; Owner: postgres
--

ALTER TABLE ONLY public.http_user_user_permissions
    ADD CONSTRAINT http_user_user_permissions_user_id_694ead28_fk_http_user_id FOREIGN KEY (user_id) REFERENCES public.http_user(id) DEFERRABLE INITIALLY DEFERRED;


--
-- PostgreSQL database dump complete
--

